15
0 1 1382.748291 450.188995 100.822632 269.206879
0 2 557.663208 792.893860 128.515381 286.729797
0 3 1162.199829 594.173462 132.406860 288.348694
0 4 845.251221 581.812439 164.335388 320.529053
0 5 633.730835 390.324402 67.187134 243.970703
0 6 1275.450195 602.641663 157.876831 307.694153
0 7 1256.367676 328.707886 76.181030 211.861511
0 8 770.066772 602.564697 138.133362 309.153564
0 9 1615.088135 369.747192 96.439209 219.816956
0 10 382.810242 340.018707 77.806946 228.547760
0 11 -1.000000 -1.000000 -1.000000 -1.000000
0 12 -1.000000 -1.000000 -1.000000 -1.000000
0 13 -1.000000 -1.000000 -1.000000 -1.000000
0 14 -1.000000 -1.000000 -1.000000 -1.000000
0 15 -1.000000 -1.000000 -1.000000 -1.000000
1 1 1384.674683 450.242157 100.851318 269.104095
1 2 558.169617 793.299500 128.748840 286.391418
1 3 1163.498657 594.054321 133.563477 288.535522
1 4 842.387756 581.231262 165.340759 321.017883
1 5 633.344421 390.175354 67.218384 244.146179
1 6 1278.944336 600.997375 156.515503 306.931458
1 7 1256.208496 329.052856 76.566772 211.588257
1 8 769.425842 601.546204 136.315369 308.816711
1 9 1615.114136 369.868530 95.922363 219.558777
1 10 382.576996 339.935028 77.660767 228.580597
1 11 -1.000000 -1.000000 -1.000000 -1.000000
1 12 -1.000000 -1.000000 -1.000000 -1.000000
1 13 -1.000000 -1.000000 -1.000000 -1.000000
1 14 -1.000000 -1.000000 -1.000000 -1.000000
1 15 -1.000000 -1.000000 -1.000000 -1.000000
2 1 1387.351440 450.440491 100.958984 268.815491
2 2 558.874023 793.879395 129.095398 285.878540
2 3 1165.395752 593.794250 134.867920 288.901489
2 4 838.696106 580.497192 165.950195 321.677429
2 5 632.805847 390.005920 67.270630 244.372131
2 6 1283.323242 598.773621 155.614380 305.906372
2 7 1255.975220 329.551056 77.136597 211.169159
2 8 768.620850 599.951355 133.409912 308.428406
2 9 1615.131226 369.801361 95.148804 219.448090
2 10 382.224426 339.846802 77.474396 228.633606
2 11 925.612427 402.170471 109.195801 321.715210
2 12 -1.000000 -1.000000 -1.000000 -1.000000
2 13 -1.000000 -1.000000 -1.000000 -1.000000
2 14 -1.000000 -1.000000 -1.000000 -1.000000
2 15 -1.000000 -1.000000 -1.000000 -1.000000
3 1 1390.652466 450.856232 101.195190 268.277374
3 2 559.755188 794.645142 129.576782 285.174683
3 3 1167.890991 593.292603 136.036377 289.560303
3 4 833.853638 579.689026 166.096130 322.438660
3 5 632.112976 389.851410 67.372925 244.621002
3 6 1288.459351 596.070251 155.168457 304.699341
3 7 1255.646606 330.210907 77.933594 210.586273
3 8 767.699768 597.694092 129.493958 308.011169
3 9 1615.123779 369.398071 94.048584 219.570984
3 10 381.740326 339.757477 77.253510 228.708038
3 11 924.880859 401.192780 110.491699 321.254913
3 12 -1.000000 -1.000000 -1.000000 -1.000000
3 13 -1.000000 -1.000000 -1.000000 -1.000000
3 14 -1.000000 -1.000000 -1.000000 -1.000000
3 15 -1.000000 -1.000000 -1.000000 -1.000000
4 1 1394.081787 451.553680 101.365601 267.472748
4 2 560.656433 795.508850 130.157043 284.341248
4 3 1170.658203 592.443542 136.835815 290.589905
4 4 828.831665 579.105469 164.954834 323.103821
4 5 631.387451 389.770172 67.531128 244.843292
4 6 1293.419922 593.471436 156.223755 303.474670
4 7 1255.250977 330.871948 78.881226 209.967957
4 8 766.864441 594.906128 125.224915 307.752014
4 9 1615.057739 368.525177 92.679321 219.961578
4 10 381.158203 339.665680 77.055817 228.841949
4 11 923.839844 402.339691 112.170898 318.223541
4 12 -1.000000 -1.000000 -1.000000 -1.000000
4 13 -1.000000 -1.000000 -1.000000 -1.000000
4 14 -1.000000 -1.000000 -1.000000 -1.000000
4 15 -1.000000 -1.000000 -1.000000 -1.000000
5 1 1397.485352 452.499969 101.091187 266.457428
5 2 561.466003 796.422058 130.837280 283.417297
5 3 1173.445923 591.168457 137.256470 292.080505
5 4 824.529297 578.903320 161.889709 323.456970
5 5 630.672241 389.753967 67.769409 245.046204
5 6 1298.055786 591.231934 157.958252 302.312805
5 7 1254.812866 331.490784 79.989136 209.347229
5 8 766.197571 591.666748 121.018311 307.686584
5 9 1614.928345 367.272003 91.019287 220.485382
5 10 380.544220 339.563293 76.857391 229.046875
5 11 922.573303 405.992157 114.050476 312.422211
5 12 -1.000000 -1.000000 -1.000000 -1.000000
5 13 -1.000000 -1.000000 -1.000000 -1.000000
5 14 -1.000000 -1.000000 -1.000000 -1.000000
5 15 -1.000000 -1.000000 -1.000000 -1.000000
6 1 1400.730103 453.664154 100.162964 265.216217
6 2 562.123718 797.370178 131.576538 282.421204
6 3 1176.098633 589.407043 137.578125 294.082764
6 4 821.031982 579.164246 157.377930 323.368835
6 5 629.986938 389.807617 68.137268 245.189453
6 6 1302.270630 589.565552 160.130493 301.301025
6 7 1254.378296 332.064209 81.234619 208.764404
6 8 765.788269 588.094055 117.306824 307.820862
6 9 1614.767578 365.728363 89.089966 220.997955
6 10 379.936584 339.442627 76.659546 229.326721
6 11 921.062866 412.204956 116.221558 304.048889
6 12 -1.000000 -1.000000 -1.000000 -1.000000
6 13 -1.000000 -1.000000 -1.000000 -1.000000
6 14 -1.000000 -1.000000 -1.000000 -1.000000
6 15 -1.000000 -1.000000 -1.000000 -1.000000
7 1 1403.835693 454.948456 98.563354 263.304413
7 2 562.667297 798.366943 132.387817 281.365723
7 3 1178.514648 587.130920 137.879761 296.586609
7 4 817.696960 579.868713 152.580322 322.838440
7 5 629.324768 389.878693 68.644897 245.298859
7 6 1306.333984 588.518799 162.322510 300.309631
7 7 1253.969238 332.554810 82.580566 208.275146
7 8 765.555054 584.304138 114.341797 307.988220
7 9 1614.575928 364.137207 86.973999 221.230957
7 10 379.351593 339.292755 76.467804 229.640839
7 11 919.213562 420.885529 118.745789 294.073578
7 12 -1.000000 -1.000000 -1.000000 -1.000000
7 13 -1.000000 -1.000000 -1.000000 -1.000000
7 14 -1.000000 -1.000000 -1.000000 -1.000000
7 15 -1.000000 -1.000000 -1.000000 -1.000000
8 1 1406.919189 456.217773 96.308838 260.461670
8 2 563.186035 799.399170 133.192932 280.274414
8 3 1180.678711 584.390991 138.646851 299.395874
8 4 815.064941 580.968323 147.630127 321.908264
8 5 628.688110 389.918610 69.273499 245.397369
8 6 1310.397339 588.140381 164.671265 299.124390
8 7 1253.638428 332.971497 83.947876 207.877075
8 8 765.317017 580.424500 112.164124 308.079895
8 9 1614.372192 362.719452 84.818604 221.034088
8 10 378.794281 339.126801 76.324188 229.965424
8 11 917.132996 429.689972 121.471741 285.268646
8 12 -1.000000 -1.000000 -1.000000 -1.000000
8 13 -1.000000 -1.000000 -1.000000 -1.000000
8 14 -1.000000 -1.000000 -1.000000 -1.000000
8 15 -1.000000 -1.000000 -1.000000 -1.000000
9 1 1409.793579 457.385345 93.974487 256.554718
9 2 563.766968 800.444031 133.944092 279.180847
9 3 1182.605957 581.282410 139.549316 302.278564
9 4 812.507935 582.251648 143.624329 320.764343
9 5 628.069031 389.933868 69.970215 245.469391
9 6 1314.218506 588.397217 166.731079 297.505981
9 7 1253.424194 333.453735 85.301392 207.436218
9 8 764.790344 576.620361 110.401917 307.857422
9 9 1614.182251 361.527130 82.792236 220.576324
9 10 378.272583 338.992828 76.286804 230.221344
9 11 915.072693 436.828918 124.137024 279.601562
9 12 -1.000000 -1.000000 -1.000000 -1.000000
9 13 -1.000000 -1.000000 -1.000000 -1.000000
9 14 -1.000000 -1.000000 -1.000000 -1.000000
9 15 -1.000000 -1.000000 -1.000000 -1.000000
10 1 1412.543945 458.381439 91.816772 251.815704
10 2 564.505066 801.484192 134.603027 278.110657
10 3 1184.383057 577.884705 140.528687 304.983948
10 4 809.346741 583.570862 141.351379 319.577332
10 5 627.451355 389.943207 70.691040 245.489349
10 6 1317.723145 589.284485 168.638916 295.106262
10 7 1253.319702 333.995728 86.556885 206.982361
10 8 763.681702 573.074036 109.273621 307.205872
10 9 1614.000244 360.465271 81.084351 220.016052
10 10 377.769012 338.888031 76.355865 230.408844
10 11 912.814636 442.078979 126.947449 277.357361
10 12 -1.000000 -1.000000 -1.000000 -1.000000
10 13 -1.000000 -1.000000 -1.000000 -1.000000
10 14 -1.000000 -1.000000 -1.000000 -1.000000
10 15 -1.000000 -1.000000 -1.000000 -1.000000
11 1 1415.237183 459.126282 90.068359 246.102234
11 2 565.490112 802.477356 135.134155 277.108093
11 3 1185.979370 574.264771 141.787964 307.313110
11 4 806.422302 584.759888 139.866577 318.549500
11 5 626.860107 389.959229 71.375061 245.466980
11 6 1320.761841 590.817383 170.376343 291.563782
11 7 1253.299194 334.532562 87.683838 206.573151
11 8 761.688904 569.929443 108.809570 306.081421
11 9 1613.819702 359.517578 79.816162 219.415771
11 10 377.268616 338.830231 76.554047 230.520050
11 11 910.353394 445.500854 129.788818 278.333679
11 12 -1.000000 -1.000000 -1.000000 -1.000000
11 13 -1.000000 -1.000000 -1.000000 -1.000000
11 14 -1.000000 -1.000000 -1.000000 -1.000000
11 15 -1.000000 -1.000000 -1.000000 -1.000000
12 1 1417.942505 459.571594 88.793091 241.367310
12 2 566.775146 803.357605 135.406189 276.231506
12 3 1187.474487 570.545166 143.836182 308.999390
12 4 804.312317 585.652039 138.513306 317.803162
12 5 626.336487 390.025482 71.989868 245.379120
12 6 1323.353638 592.954956 171.716553 286.686584
12 7 1253.355347 335.024994 88.652222 206.224762
12 8 758.597290 567.285889 109.257263 304.665222
12 9 1613.661743 358.617645 78.979614 218.842133
12 10 376.775238 338.802856 76.866608 230.588989
12 11 907.795776 447.130371 132.504517 281.046326
12 12 -1.000000 -1.000000 -1.000000 -1.000000
12 13 -1.000000 -1.000000 -1.000000 -1.000000
12 14 -1.000000 -1.000000 -1.000000 -1.000000
12 15 -1.000000 -1.000000 -1.000000 -1.000000
13 1 1420.721924 459.767151 87.931030 238.634521
13 2 568.426697 804.096863 135.352600 275.495911
13 3 1188.960815 566.801575 146.388916 310.005432
13 4 802.600525 586.091858 137.559570 317.333008
13 5 625.906799 390.163055 72.527588 245.234161
13 6 1325.441772 595.571716 172.286987 280.458313
13 7 1253.466919 335.407959 89.459961 205.990173
13 8 754.431641 565.249207 110.619629 303.069397
13 9 1613.533813 357.728973 78.513672 218.385956
13 10 376.295044 338.736389 77.259125 230.696594
13 11 905.170349 448.274872 135.110657 283.542267
13 12 -1.000000 -1.000000 -1.000000 -1.000000
13 13 -1.000000 -1.000000 -1.000000 -1.000000
13 14 -1.000000 -1.000000 -1.000000 -1.000000
13 15 -1.000000 -1.000000 -1.000000 -1.000000
14 1 1423.857544 459.747437 87.118042 238.320435
14 2 570.584961 804.687012 134.825745 274.904419
14 3 1190.600708 563.067627 149.553833 310.387878
14 4 801.467468 585.999573 136.727783 317.073242
14 5 625.575073 390.328094 73.047424 245.067841
14 6 1327.177246 598.533325 172.355103 273.242981
14 7 1253.618408 335.558868 90.081177 205.979462
14 8 749.504700 563.871277 112.929382 301.496460
14 9 1613.441162 356.870514 78.325439 218.004364
14 10 375.833893 338.571533 77.654694 230.902405
14 11 902.574707 449.396118 137.603516 285.059875
14 12 -1.000000 -1.000000 -1.000000 -1.000000
14 13 -1.000000 -1.000000 -1.000000 -1.000000
14 14 -1.000000 -1.000000 -1.000000 -1.000000
14 15 -1.000000 -1.000000 -1.000000 -1.000000
15 1 1427.262817 459.552612 86.436523 239.777344
15 2 573.371216 805.132935 133.726868 274.449219
15 3 1192.495605 559.401794 153.054810 310.188293
15 4 801.128845 585.316101 135.738037 316.953796
15 5 625.354736 390.476440 73.577026 244.942871
15 6 1328.780762 601.632874 171.900757 265.569641
15 7 1253.851440 335.503540 90.510620 206.110168
15 8 744.140259 563.123291 115.774719 300.024231
15 9 1613.402588 356.104218 78.253662 217.716522
15 10 375.381348 338.223022 78.112579 231.286072
15 11 900.430542 450.211548 139.647095 285.697449
15 12 -1.000000 -1.000000 -1.000000 -1.000000
15 13 -1.000000 -1.000000 -1.000000 -1.000000
15 14 -1.000000 -1.000000 -1.000000 -1.000000
15 15 -1.000000 -1.000000 -1.000000 -1.000000
16 1 1430.753906 459.252075 85.960083 243.464355
16 2 576.992004 805.434021 131.851624 274.122742
16 3 1194.750977 555.874390 155.970581 309.397278
16 4 800.807617 584.047668 135.310303 316.827698
16 5 625.246887 390.586517 74.107483 244.883026
16 6 1330.768433 604.642578 170.457642 258.011536
16 7 1254.199463 335.309967 90.727417 206.256561
16 8 738.712891 562.985474 118.780518 298.661255
16 9 1613.396484 355.436523 78.193848 217.567749
16 10 374.966278 337.663147 78.630829 231.856140
16 11 899.057251 450.545319 141.015503 285.619965
16 12 -1.000000 -1.000000 -1.000000 -1.000000
16 13 -1.000000 -1.000000 -1.000000 -1.000000
16 14 -1.000000 -1.000000 -1.000000 -1.000000
16 15 -1.000000 -1.000000 -1.000000 -1.000000
17 1 1434.140869 458.908661 85.785400 247.410370
17 2 581.594971 805.616028 129.152893 273.907410
17 3 1197.334961 552.484253 157.455444 308.179626
17 4 799.969971 582.242310 135.654907 316.592712
17 5 625.240479 390.640930 74.596619 244.925659
17 6 1333.649414 607.379517 167.652954 251.105408
17 7 1254.657349 335.052002 90.766602 206.373596
17 8 733.575317 563.428894 121.416565 297.312500
17 9 1613.411865 354.912476 78.074463 217.562561
17 10 374.593231 336.925476 79.210602 232.558655
17 11 898.750061 450.377930 141.513000 285.486328
17 12 910.979675 389.195709 78.261169 238.901215
17 13 -1.000000 -1.000000 -1.000000 -1.000000
17 14 -1.000000 -1.000000 -1.000000 -1.000000
17 15 -1.000000 -1.000000 -1.000000 -1.000000
18 1 1437.364990 458.521118 85.914062 250.813232
18 2 587.051147 805.683044 125.817017 273.813049
18 3 1200.076660 549.250854 157.436401 306.600647
18 4 799.155823 579.971436 135.873230 316.355896
18 5 625.334534 390.630157 74.994629 245.071625
18 6 1337.692139 609.739136 163.702271 245.137512
18 7 1255.223267 334.797638 90.659180 206.447601
18 8 728.989258 564.355957 123.321899 295.944885
18 9 1613.446655 354.526855 77.862183 217.659363
18 10 374.289978 336.095825 79.813446 233.267700
18 11 899.605591 449.631958 141.097290 285.704773
18 12 910.980103 388.962830 78.437866 239.617188
18 13 -1.000000 -1.000000 -1.000000 -1.000000
18 14 -1.000000 -1.000000 -1.000000 -1.000000
18 15 -1.000000 -1.000000 -1.000000 -1.000000
19 1 1440.193115 458.094666 86.600220 252.957031
19 2 593.105530 805.638489 122.160645 273.839661
19 3 1202.684448 546.242126 155.961670 304.684143
19 4 798.657776 577.405823 135.198608 316.073792
19 5 625.518616 390.605347 75.260986 245.282837
19 6 1342.900024 611.705627 158.988403 240.087036
19 7 1255.884521 334.664551 90.432495 206.414185
19 8 725.080994 565.629150 124.269836 294.525391
19 9 1613.491089 354.276123 77.526001 217.805359
19 10 374.065918 335.249481 80.441498 233.929352
19 11 901.538940 448.554626 139.800293 286.164246
19 12 911.175049 388.626160 78.545837 240.448608
19 13 -1.000000 -1.000000 -1.000000 -1.000000
19 14 -1.000000 -1.000000 -1.000000 -1.000000
19 15 -1.000000 -1.000000 -1.000000 -1.000000
20 1 1442.520386 457.646301 87.831299 254.097290
20 2 599.646057 805.489624 118.232300 273.983765
20 3 1204.974731 543.528809 153.372559 302.459656
20 4 798.458618 574.626953 133.403381 315.763062
20 5 625.795166 390.615051 75.364868 245.487976
20 6 1348.953613 613.307129 154.314575 235.801819
20 7 1256.561523 334.692657 90.142456 206.283844
20 8 721.943787 567.112244 124.237793 293.126770
20 9 1613.540649 354.167755 77.087280 217.917023
20 10 373.944427 334.560760 81.011108 234.388885
20 11 904.406311 447.451080 137.719421 286.618927
20 12 911.713623 388.178314 78.438416 241.225311
20 13 -1.000000 -1.000000 -1.000000 -1.000000
20 14 -1.000000 -1.000000 -1.000000 -1.000000
20 15 -1.000000 -1.000000 -1.000000 -1.000000
21 1 1444.361206 457.169739 89.573975 253.822998
21 2 606.371643 805.272461 114.300293 274.210449
21 3 1206.889282 541.153931 150.177612 300.011902
21 4 798.711548 571.698608 130.119690 315.456543
21 5 626.141968 390.654816 75.341248 245.682465
21 6 1355.180664 614.594421 150.816528 232.158936
21 7 1257.206055 334.874481 89.839600 206.092133
21 8 719.525818 568.618591 123.276184 291.866150
21 9 1613.614990 354.199097 76.602905 217.957153
21 10 373.902557 334.057190 81.501282 234.658142
21 11 908.085083 446.422699 134.959229 286.972382
21 12 912.675537 387.637726 78.011658 241.838715
21 13 -1.000000 -1.000000 -1.000000 -1.000000
21 14 -1.000000 -1.000000 -1.000000 -1.000000
21 15 -1.000000 -1.000000 -1.000000 -1.000000
22 1 1445.731812 456.673340 91.856689 252.421082
22 2 612.902832 805.026733 110.664734 274.465454
22 3 1208.500366 539.138123 146.782349 297.417603
22 4 799.594177 568.696838 125.408997 315.139648
22 5 626.545105 390.687256 75.210022 245.858521
22 6 1360.804810 615.627625 149.544922 228.950806
22 7 1257.790894 335.214447 89.541504 205.817352
22 8 717.797119 569.968079 121.530273 290.835632
22 9 1613.695068 354.344940 76.155396 217.939423
22 10 373.921234 333.720093 81.945221 234.813232
22 11 912.374146 445.479584 131.679321 287.255585
22 12 913.930847 387.031464 77.325317 242.220673
22 13 -1.000000 -1.000000 -1.000000 -1.000000
22 14 -1.000000 -1.000000 -1.000000 -1.000000
22 15 -1.000000 -1.000000 -1.000000 -1.000000
23 1 1446.505981 456.184570 94.824707 249.902100
23 2 619.143250 804.816284 107.302795 274.680054
23 3 1209.957275 537.500366 143.231445 294.771057
23 4 800.753784 565.698181 120.053345 314.603333
23 5 626.988586 390.706268 74.994202 246.016815
23 6 1365.275879 616.439880 151.080078 226.185791
23 7 1258.286377 335.680359 89.255859 205.413818
23 8 716.708557 570.984741 119.140503 290.157349
23 9 1613.758423 354.550262 75.788086 217.877289
23 10 373.985657 333.533783 82.389740 234.947845
23 11 917.186523 444.564270 127.883179 287.461975
23 12 915.333557 386.334991 76.461060 242.319000
23 13 -1.000000 -1.000000 -1.000000 -1.000000
23 14 -1.000000 -1.000000 -1.000000 -1.000000
23 15 -1.000000 -1.000000 -1.000000 -1.000000
24 1 1446.748291 455.729309 98.364624 246.919312
24 2 625.087891 804.701660 104.093445 274.790283
24 3 1211.478760 536.215393 139.457397 292.160706
24 4 801.899170 562.687561 114.736389 313.823303
24 5 627.494141 390.684784 74.646606 246.196747
24 6 1368.408447 616.991638 155.135132 223.953796
24 7 1258.673340 336.167511 88.994751 204.893097
24 8 716.139648 571.572021 116.270325 289.902405
24 9 1613.792847 354.781769 75.479248 217.786652
24 10 374.091095 333.470947 82.838928 235.086731
24 11 922.568909 443.659882 123.553894 287.608795
24 12 916.680420 385.525330 75.655945 242.154114
24 13 -1.000000 -1.000000 -1.000000 -1.000000
24 14 -1.000000 -1.000000 -1.000000 -1.000000
24 15 -1.000000 -1.000000 -1.000000 -1.000000
25 1 1446.550415 455.286591 102.451416 244.024811
25 2 630.543091 804.697021 101.231873 274.781372
25 3 1213.250977 535.240051 135.406494 289.718323
25 4 802.904541 559.771545 109.877625 312.727661
25 5 628.065186 390.577393 74.077454 246.462280
25 6 1370.267944 617.267517 160.973267 222.439575
25 7 1258.980835 336.628143 88.728149 204.300323
25 8 715.897949 571.678650 112.935547 290.075684
25 9 1613.765259 354.975586 75.160767 217.711060
25 10 374.224396 333.460114 83.328247 235.281891
25 11 928.567322 442.680206 118.687927 287.817230
25 12 917.819946 384.599731 75.151489 241.640015
25 13 -1.000000 -1.000000 -1.000000 -1.000000
25 14 -1.000000 -1.000000 -1.000000 -1.000000
25 15 -1.000000 -1.000000 -1.000000 -1.000000
26 1 1446.069702 454.865479 106.911499 241.482056
26 2 635.368713 804.809692 98.877502 274.659790
26 3 1215.309814 534.597839 131.218506 287.485596
26 4 803.710266 557.054565 105.750427 311.270264
26 5 628.724548 390.392395 73.166748 246.780273
26 6 1371.112183 617.246094 167.771606 221.572876
26 7 1259.203003 337.026337 88.440552 203.724579
26 8 715.875305 571.329041 109.327026 290.627197
26 9 1613.624756 355.070374 74.733154 217.681213
26 10 374.454376 333.518097 83.814240 235.468597
26 11 935.112610 441.591034 113.367859 288.130157
26 12 918.620972 383.515320 75.127197 240.912842
26 13 -1.000000 -1.000000 -1.000000 -1.000000
26 14 -1.000000 -1.000000 -1.000000 -1.000000
26 15 -1.000000 -1.000000 -1.000000 -1.000000
27 1 1445.459961 454.412201 111.432251 239.704926
27 2 639.616333 805.034180 97.017456 274.441406
27 3 1217.589966 534.369995 127.052368 285.430481
27 4 804.162048 554.660583 102.338074 309.456238
27 5 629.461731 390.178253 71.856689 247.143402
27 6 1371.303101 616.901611 174.858276 221.351562
27 7 1259.352539 337.309387 88.121216 203.245972
27 8 715.825500 570.594055 105.722656 291.445312
27 9 1613.274414 355.000305 74.191040 217.692566
27 10 374.813843 333.646942 84.203125 235.611786
27 11 942.170898 440.414062 107.640503 288.479675
27 12 919.106689 382.234985 75.656189 240.039612
27 13 -1.000000 -1.000000 -1.000000 -1.000000
27 14 -1.000000 -1.000000 -1.000000 -1.000000
27 15 -1.000000 -1.000000 -1.000000 -1.000000
28 1 1444.929565 453.862579 115.711426 238.717682
28 2 643.304382 805.323303 95.691711 274.174866
28 3 1219.962402 534.585022 123.284424 283.541199
28 4 804.131287 552.678406 99.451233 307.604614
28 5 630.269470 389.947021 70.127563 247.537537
28 6 1371.169922 616.220459 181.535767 221.697205
28 7 1259.439697 337.493195 87.781250 203.014679
28 8 715.524841 569.608948 102.442078 292.314148
28 9 1612.553101 354.760010 73.677368 217.743042
28 10 375.322937 333.852509 84.402863 235.652252
28 11 949.652344 439.268402 101.563843 288.743134
28 12 919.339233 380.867920 76.693481 238.999023
28 13 -1.000000 -1.000000 -1.000000 -1.000000
28 14 -1.000000 -1.000000 -1.000000 -1.000000
28 15 -1.000000 -1.000000 -1.000000 -1.000000
29 1 1444.607544 453.164368 119.552856 238.458557
29 2 646.405823 805.662109 94.977661 273.874512
29 3 1222.202271 535.236450 120.257935 281.802917
29 4 803.556580 551.209839 96.996521 305.873779
29 5 631.102966 389.714172 68.076660 247.910400
29 6 1370.894531 615.236755 187.593018 222.504883
29 7 1259.466675 337.621918 87.456299 203.139069
29 8 714.803345 568.485779 99.766907 292.990479
29 9 1611.331177 354.341553 73.416504 217.818054
29 10 375.974731 334.168060 84.417175 235.562592
29 11 957.297729 438.188293 95.347046 288.969604
29 12 919.431824 379.535645 78.046997 237.865173
29 13 -1.000000 -1.000000 -1.000000 -1.000000
29 14 -1.000000 -1.000000 -1.000000 -1.000000
29 15 -1.000000 -1.000000 -1.000000 -1.000000
30 1 1444.660400 452.340576 122.623291 238.578979
30 2 648.964050 806.078125 94.848206 273.502930
30 3 1224.046997 536.327698 118.129395 280.105225
30 4 802.386841 550.260437 94.947205 304.426880
30 5 631.921021 389.533783 65.843994 248.193451
30 6 1370.650879 614.000610 192.941772 223.466370
30 7 1259.444092 337.701538 87.173584 203.598694
30 8 713.657043 567.328552 97.880554 292.281799
30 9 1609.494141 353.783203 73.740967 217.871155
30 10 376.772552 334.570282 84.237671 235.386810
30 11 964.689209 437.232849 89.365479 289.072693
30 12 919.436584 378.293610 79.585205 237.072052
30 13 -1.000000 -1.000000 -1.000000 -1.000000
30 14 -1.000000 -1.000000 -1.000000 -1.000000
30 15 -1.000000 -1.000000 -1.000000 -1.000000
31 1 1445.148804 451.373932 124.762085 238.986969
31 2 651.049927 806.589722 95.225525 273.023926
31 3 1225.244507 537.773682 117.003540 278.418762
31 4 800.572449 549.863098 93.427979 303.344849
31 5 632.651123 389.444366 63.598267 248.398468
31 6 1370.679565 612.575928 197.357056 224.639465
31 7 1259.404785 337.808807 86.931641 204.256256
31 8 712.160950 566.201050 96.657104 289.675598
31 9 1607.024414 353.146301 74.822876 217.839600
31 10 377.625824 335.126404 83.900879 235.082642
31 11 971.454834 436.505219 83.974121 288.925323
31 12 919.384460 377.239777 81.257141 236.448883
31 13 -1.000000 -1.000000 -1.000000 -1.000000
31 14 -1.000000 -1.000000 -1.000000 -1.000000
31 15 -1.000000 -1.000000 -1.000000 -1.000000
32 1 1446.190552 450.299286 125.909912 239.538605
32 2 652.715027 807.151672 96.306091 272.490784
32 3 1225.609009 539.469482 116.935913 276.716980
32 4 798.052490 549.969604 92.806580 302.678101
32 5 633.272766 389.420410 61.560425 248.522827
32 6 1371.300659 611.030579 200.346680 225.991882
32 7 1259.351196 337.975586 86.723511 205.025391
32 8 710.492371 565.111450 95.868103 285.097046
32 9 1604.093628 352.488373 76.553223 217.705719
32 10 378.480103 335.822021 83.478760 234.664917
32 11 977.229187 436.064453 79.696960 288.520996
32 12 919.318787 376.461029 82.970520 235.895172
32 13 -1.000000 -1.000000 -1.000000 -1.000000
32 14 -1.000000 -1.000000 -1.000000 -1.000000
32 15 -1.000000 -1.000000 -1.000000 -1.000000
33 1 1447.858032 449.143280 126.044678 240.337372
33 2 654.050049 807.765381 98.347595 271.888184
33 3 1225.100464 541.343445 117.725220 274.954224
33 4 794.815552 550.519714 93.386292 302.165955
33 5 633.755066 389.460938 59.909119 248.587646
33 6 1372.843384 609.418152 201.546143 227.517334
33 7 1259.315552 338.180481 86.513794 205.708313
33 8 708.807922 564.000366 95.210144 278.747131
33 9 1600.999878 351.869873 78.640259 217.427734
33 10 379.290009 336.661469 83.032013 234.139008
33 11 981.795959 435.886719 77.198669 287.919067
33 12 919.263733 375.963959 84.713440 235.435944
33 13 -1.000000 -1.000000 -1.000000 -1.000000
33 14 -1.000000 -1.000000 -1.000000 -1.000000
33 15 -1.000000 -1.000000 -1.000000 -1.000000
34 1 1450.226074 447.915161 125.141602 241.206299
34 2 655.228577 808.369873 101.426025 271.277832
34 3 1223.889771 543.361633 119.093994 273.100891
34 4 790.841919 551.423767 95.422668 301.648865
34 5 634.107117 389.532562 58.656189 248.656708
34 6 1375.757812 607.746460 200.512451 229.224243
34 7 1259.351685 338.384644 86.218262 206.116455
34 8 707.250671 562.770508 94.387634 271.745239
34 9 1597.908936 351.323730 80.909302 217.007324
34 10 380.091492 337.622986 82.491150 233.488342
34 11 985.019165 435.936249 76.915283 286.998688
34 12 919.223938 375.853058 86.465881 234.826019
34 13 -1.000000 -1.000000 -1.000000 -1.000000
34 14 -1.000000 -1.000000 -1.000000 -1.000000
34 15 -1.000000 -1.000000 -1.000000 -1.000000
35 1 1453.246094 446.518524 123.226074 241.635895
35 2 656.460693 808.909729 105.574219 270.724304
35 3 1222.173340 545.434753 120.838745 271.227051
35 4 786.277649 552.581116 98.769592 301.046326
35 5 634.342285 389.628448 57.838440 248.746918
35 6 1380.481812 605.939941 196.974243 231.218628
35 7 1259.462524 338.576630 85.830322 206.227386
35 8 705.829285 561.314392 93.316467 266.692810
35 9 1594.987183 350.870453 83.061646 216.454742
35 10 380.890869 338.735413 81.810638 232.641357
35 11 987.081909 436.190643 78.979858 285.821747
35 12 919.179016 376.030151 88.264404 233.899048
35 13 -1.000000 -1.000000 -1.000000 -1.000000
35 14 -1.000000 -1.000000 -1.000000 -1.000000
35 15 -1.000000 -1.000000 -1.000000 -1.000000
36 1 1456.850830 444.922333 120.389282 241.109467
36 2 657.929993 809.313232 110.718018 270.313599
36 3 1220.334473 547.516663 122.582642 269.357178
36 4 781.067810 553.846802 103.389648 300.383667
36 5 634.516541 389.703186 57.453918 248.863708
36 6 1387.285889 603.932434 190.987671 233.488586
36 7 1259.643677 338.688751 85.376099 206.100983
36 8 704.435486 559.548889 92.173462 264.697205
36 9 1592.262695 350.526550 85.043335 215.819214
36 10 381.647308 339.783447 81.035492 231.792053
36 11 988.264221 436.561859 83.300842 284.537140
36 12 919.136169 376.850128 90.078674 232.444611
36 13 -1.000000 -1.000000 -1.000000 -1.000000
36 14 -1.000000 -1.000000 -1.000000 -1.000000
36 15 -1.000000 -1.000000 -1.000000 -1.000000
37 1 1460.842163 443.116028 116.834229 239.245728
37 2 659.728638 809.617981 116.214844 269.997742
37 3 1218.710327 549.500610 124.017334 267.579285
37 4 775.458923 555.058105 108.815491 299.721558
37 5 634.655090 389.820312 57.399231 248.946350
37 6 1396.256470 601.722595 182.934082 236.099060
37 7 1259.924316 338.722473 84.880249 205.729004
37 8 702.926758 557.437378 91.192078 266.059387
37 9 1589.609619 350.320282 86.989014 215.130157
37 10 382.351837 340.770447 80.219879 230.934509
37 11 988.868896 436.961884 89.415161 283.230499
37 12 919.086121 378.283966 91.912781 230.596649
37 13 -1.000000 -1.000000 -1.000000 -1.000000
37 14 -1.000000 -1.000000 -1.000000 -1.000000
37 15 -1.000000 -1.000000 -1.000000 -1.000000
38 1 1464.988281 441.141937 112.798706 235.836945
38 2 661.932434 809.829834 121.198303 269.790161
38 3 1217.500732 551.271362 125.002808 265.981873
38 4 769.650391 556.095154 114.649353 299.190918
38 5 634.831055 389.968689 57.490417 248.971313
38 6 1407.382446 599.332458 173.197388 239.032166
38 7 1260.298462 338.691650 84.354858 205.125977
38 8 701.109741 555.006958 90.679993 270.617371
38 9 1586.838989 350.213318 89.029541 214.501404
38 10 382.966461 341.608032 79.487762 230.159302
38 11 989.126221 437.335663 96.525635 281.985504
38 12 919.041809 380.639496 93.756653 228.020111
38 13 -1.000000 -1.000000 -1.000000 -1.000000
38 14 -1.000000 -1.000000 -1.000000 -1.000000
38 15 -1.000000 -1.000000 -1.000000 -1.000000
39 1 1469.085693 439.047699 108.496582 231.041046
39 2 664.555786 809.953430 125.058716 269.683533
39 3 1216.740479 552.709839 125.512207 264.650269
39 4 763.989563 556.876282 120.329651 298.897705
39 5 635.105286 390.272003 57.674866 248.798309
39 6 1420.313721 596.819519 162.476807 242.216125
39 7 1260.720093 338.643677 83.875732 204.399597
39 8 698.824951 552.330444 90.861755 276.568665
39 9 1583.904663 350.189819 91.107300 213.994629
39 10 383.389679 342.249054 79.016754 229.556061
39 11 989.255188 437.685883 103.998108 280.888702
39 12 919.016479 383.182953 95.848572 225.481598
39 13 -1.000000 -1.000000 -1.000000 -1.000000
39 14 -1.000000 -1.000000 -1.000000 -1.000000
39 15 -1.000000 -1.000000 -1.000000 -1.000000
40 1 1473.026001 437.013702 104.365723 225.750946
40 2 667.681763 809.992859 127.107239 269.664124
40 3 1216.385376 553.708801 125.567749 263.686035
40 4 758.610291 557.352600 125.634155 298.866577
40 5 635.521423 390.642639 57.867310 248.495422
40 6 1434.312744 594.335022 151.710205 245.668457
40 7 1261.167114 338.570282 83.461060 203.631500
40 8 696.001465 549.529236 91.775818 281.978821
40 9 1580.837158 350.186127 93.227539 213.709686
40 10 383.570770 342.560577 78.940125 229.296478
40 11 989.332642 438.018829 111.189697 279.871368
40 12 919.057251 385.919403 98.097656 222.948273
40 13 -1.000000 -1.000000 -1.000000 -1.000000
40 14 -1.000000 -1.000000 -1.000000 -1.000000
40 15 -1.000000 -1.000000 -1.000000 -1.000000
41 1 1476.696655 435.154327 100.706421 220.898529
41 2 671.603577 809.933350 126.621460 269.737549
41 3 1216.262207 554.159424 125.282227 263.266418
41 4 753.861816 557.484131 130.100159 299.034729
41 5 636.084595 391.110168 57.987061 248.025269
41 6 1448.494873 592.032349 141.656006 249.255920
41 7 1261.616455 338.482910 83.110962 202.841553
41 8 692.668823 546.731628 93.249756 285.982422
41 9 1577.835693 350.121277 95.195557 213.707397
41 10 383.566437 342.622650 79.272339 229.318817
41 11 989.355835 438.345123 117.680054 278.906891
41 12 919.229431 387.935211 100.438660 221.183441
41 13 -1.000000 -1.000000 -1.000000 -1.000000
41 14 -1.000000 -1.000000 -1.000000 -1.000000
41 15 -1.000000 -1.000000 -1.000000 -1.000000
42 1 1480.153320 433.580719 97.665649 218.190338
42 2 676.784058 809.708862 123.293701 269.981567
42 3 1216.251709 554.033875 124.658203 263.472351
42 4 749.950134 557.329163 133.168579 299.266296
42 5 636.777344 391.606354 57.967346 247.457977
42 6 1461.980957 590.017151 133.022583 252.793945
42 7 1262.028564 338.383606 82.834229 202.102783
42 8 688.986450 544.050415 94.964905 288.356567
42 9 1575.169922 349.931793 96.736328 214.009369
42 10 383.441040 342.401367 79.918915 229.629578
42 11 989.345276 438.678162 123.212219 277.974731
42 12 919.627625 389.155304 102.736938 220.152679
42 13 -1.000000 -1.000000 -1.000000 -1.000000
42 14 -1.000000 -1.000000 -1.000000 -1.000000
42 15 -1.000000 -1.000000 -1.000000 -1.000000
43 1 1483.478271 432.368958 95.266235 218.193726
43 2 683.356873 809.290283 117.416016 270.428223
43 3 1216.279663 553.297058 123.698608 264.378662
43 4 747.033752 556.927734 134.472046 299.427124
43 5 637.539917 392.149994 57.822266 246.745758
43 6 1473.961670 588.303406 126.690308 256.225952
43 7 1262.367798 338.288910 82.687744 201.503815
43 8 685.274109 541.575500 96.436462 289.230286
43 9 1573.049561 349.627014 97.700073 214.553589
43 10 383.287933 341.910492 80.693726 230.152863
43 11 989.336182 439.013214 127.697021 277.064667
43 12 920.303955 388.789124 104.918335 220.638062
43 13 -1.000000 -1.000000 -1.000000 -1.000000
43 14 -1.000000 -1.000000 -1.000000 -1.000000
43 15 -1.000000 -1.000000 -1.000000 -1.000000
44 1 1486.674683 431.596832 93.516479 220.661224
44 2 691.255798 808.672485 109.459595 271.080811
44 3 1216.251709 551.937073 122.520020 266.037964
44 4 744.946777 556.335510 134.003296 299.463867
44 5 638.303345 392.511627 57.512695 246.106903
44 6 1483.886719 586.922607 123.247559 259.533875
44 7 1262.608032 338.199677 82.674194 201.062958
44 8 681.731140 539.395630 97.384460 289.465454
44 9 1571.616577 349.248474 98.002197 215.242432
44 10 383.221802 341.130890 81.445435 230.794037
44 11 989.343506 439.305634 131.015869 276.226410
44 12 921.349609 387.758026 106.489868 221.657135
44 13 -1.000000 -1.000000 -1.000000 -1.000000
44 14 -1.000000 -1.000000 -1.000000 -1.000000
44 15 -1.000000 -1.000000 -1.000000 -1.000000
45 1 1489.645752 431.241760 92.417603 225.116272
45 2 700.122009 807.880005 100.253784 271.926392
45 3 1216.106689 549.985596 121.273682 268.416626
45 4 743.533569 555.575073 131.547119 299.370239
45 5 638.996826 392.721649 57.060120 245.495636
45 6 1491.865723 585.884888 122.620361 262.647583
45 7 1262.764771 338.154175 82.769409 200.723694
45 8 678.464966 537.569641 97.642639 289.583679
45 9 1570.791870 348.869934 97.694458 215.932007
45 10 383.363953 340.225800 81.990936 231.281586
45 11 989.360901 439.518921 133.265198 275.555481
45 12 922.918945 386.213104 107.244385 223.037750
45 13 -1.000000 -1.000000 -1.000000 -1.000000
45 14 -1.000000 -1.000000 -1.000000 -1.000000
45 15 -1.000000 -1.000000 -1.000000 -1.000000
46 1 1492.268555 431.315521 92.343994 231.044220
46 2 709.164246 806.988708 91.121399 272.895813
46 3 1215.774780 547.593628 120.183716 271.257019
46 4 742.509216 554.655457 126.959656 298.457275
46 5 639.601624 392.690094 56.502991 245.002594
46 6 1498.212158 585.229004 124.738403 265.508362
46 7 1262.870728 338.197357 82.935669 200.455048
46 8 675.471008 536.137878 97.224060 289.850403
46 9 1570.265991 348.649261 97.045166 216.434662
46 10 383.790314 339.282104 82.171967 231.478821
46 11 989.436096 439.680450 134.513367 275.030609
46 12 925.102112 384.734741 107.093689 224.168274
46 13 -1.000000 -1.000000 -1.000000 -1.000000
46 14 -1.000000 -1.000000 -1.000000 -1.000000
46 15 -1.000000 -1.000000 -1.000000 -1.000000
47 1 1494.292236 431.843018 93.498047 236.014160
47 2 717.376465 806.076660 83.385803 273.888062
47 3 1215.188599 544.846619 119.580566 274.410461
47 4 741.348328 553.573181 121.278748 296.551575
47 5 640.173584 392.374756 55.878052 244.507996
47 6 1503.329102 584.922791 129.110596 268.142212
47 7 1262.926880 338.349701 83.168701 200.226471
47 8 672.620605 535.157776 96.216614 290.206604
47 9 1569.678589 348.542297 96.422363 216.774841
47 10 384.498474 338.353882 81.980377 231.336060
47 11 989.571350 439.837189 134.905579 274.636139
47 12 927.836182 383.347046 106.112427 225.063232
47 13 -1.000000 -1.000000 -1.000000 -1.000000
47 14 -1.000000 -1.000000 -1.000000 -1.000000
47 15 -1.000000 -1.000000 -1.000000 -1.000000
48 1 1495.515869 432.819550 95.741577 239.130096
48 2 724.231018 805.133301 77.738220 274.885620
48 3 1214.294678 541.904236 119.710571 277.689880
48 4 739.602356 552.319641 115.278137 293.827271
48 5 640.753052 391.714111 55.243042 243.984680
48 6 1507.524292 585.104187 134.790527 270.384094
48 7 1262.937012 338.610016 83.458862 200.008026
48 8 669.539185 534.666016 95.147034 290.494934
48 9 1568.843018 348.571838 96.057251 216.900085
48 10 385.476013 337.533936 81.443726 230.833008
48 11 989.734619 439.978821 134.655762 274.397766
48 12 931.098022 382.568665 104.220215 225.208496
48 13 -1.000000 -1.000000 -1.000000 -1.000000
48 14 -1.000000 -1.000000 -1.000000 -1.000000
48 15 -1.000000 -1.000000 -1.000000 -1.000000
49 1 1495.818970 434.186646 98.885742 240.284363
49 2 729.640320 804.173828 74.300476 275.879761
49 3 1213.139160 538.956604 120.571533 280.834961
49 4 737.204041 550.851807 109.376892 290.945374
49 5 641.349548 390.896179 54.697632 243.138977
49 6 1511.369263 585.826599 140.421143 272.147827
49 7 1262.924316 338.990936 83.794067 199.730316
49 8 665.977356 534.674194 94.416382 290.633240
49 9 1567.669189 348.722382 96.131592 216.820221
49 10 386.644806 336.916748 80.616669 230.052002
49 11 989.969543 440.127563 133.951965 274.284180
49 12 934.780579 382.169525 101.663513 224.945465
49 13 -1.000000 -1.000000 -1.000000 -1.000000
49 14 -1.000000 -1.000000 -1.000000 -1.000000
49 15 -1.000000 -1.000000 -1.000000 -1.000000
50 1 1495.265625 435.951202 102.321533 239.386078
50 2 733.839783 803.172241 72.826599 276.890991
50 3 1211.872192 536.252502 121.995605 283.557068
50 4 733.960266 549.214417 104.534851 288.127930
50 5 642.022156 390.048553 54.286011 241.842072
50 6 1514.969482 587.171631 145.166016 273.241333
50 7 1262.847046 339.508789 84.219971 199.378967
50 8 661.808350 535.167480 94.329468 290.487427
50 9 1566.272217 348.984406 96.562012 216.587494
50 10 387.853607 336.436798 79.672974 229.265656
50 11 990.385559 440.312286 132.855408 274.233490
50 12 938.726196 382.073395 98.656616 224.430756
50 13 -1.000000 -1.000000 -1.000000 -1.000000
50 14 -1.000000 -1.000000 -1.000000 -1.000000
50 15 -1.000000 -1.000000 -1.000000 -1.000000
51 1 1494.035278 438.067108 104.899658 236.431610
51 2 737.359253 802.126953 72.677979 277.921509
51 3 1210.635620 533.824463 123.819946 285.882935
51 4 729.973572 547.511169 101.625916 287.000366
51 5 642.744202 389.287933 54.155090 240.061127
51 6 1518.675293 589.078247 148.120483 273.724915
51 7 1262.637451 340.139282 84.823486 199.002747
51 8 657.030701 536.120422 94.983521 289.942505
51 9 1564.779785 349.180725 97.238892 216.374878
51 10 388.974396 336.069916 78.788330 228.591217
51 11 991.056763 440.453735 131.362915 274.300598
51 12 942.827637 382.146820 95.317749 223.985687
51 13 -1.000000 -1.000000 -1.000000 -1.000000
51 14 -1.000000 -1.000000 -1.000000 -1.000000
51 15 -1.000000 -1.000000 -1.000000 -1.000000
52 1 1492.354004 440.367218 105.912842 232.726227
52 2 740.740356 801.062073 73.192017 278.956970
52 3 1209.487183 531.826721 125.807373 287.662903
52 4 725.710632 545.821167 100.142273 288.142456
52 5 643.387329 388.673096 54.450378 238.125305
52 6 1522.642700 591.499573 149.109863 273.649231
52 7 1262.287231 340.888977 85.574585 198.569580
52 8 651.665955 537.469971 96.533813 289.026672
52 9 1563.354370 349.456604 97.975220 216.036621
52 10 389.877136 335.813202 78.127502 228.055695
52 11 992.065979 440.489227 129.460144 274.496185
52 12 947.095459 382.414093 91.655396 223.613251
52 13 -1.000000 -1.000000 -1.000000 -1.000000
52 14 -1.000000 -1.000000 -1.000000 -1.000000
52 15 -1.000000 -1.000000 -1.000000 -1.000000
53 1 1490.453125 442.687531 105.441772 229.069427
53 2 744.299805 800.111023 73.989685 279.878479
53 3 1208.479858 530.347656 127.726685 288.818115
53 4 721.607239 544.260803 99.509277 291.496704
53 5 643.869629 388.248108 55.210815 236.265320
53 6 1527.107910 594.261658 148.326904 273.304749
53 7 1261.807495 341.786713 86.374390 198.039093
53 8 646.039734 539.142944 98.572510 287.781372
53 9 1562.024536 349.758972 98.668091 215.644714
53 10 390.394684 335.661713 77.882629 227.686798
53 11 993.518372 440.462402 127.097351 274.720215
53 12 951.493225 382.686310 87.872009 223.493866
53 13 -1.000000 -1.000000 -1.000000 -1.000000
53 14 -1.000000 -1.000000 -1.000000 -1.000000
53 15 -1.000000 -1.000000 -1.000000 -1.000000
54 1 1488.554810 444.867676 103.772827 225.842651
54 2 748.031128 799.371338 75.100281 280.589233
54 3 1207.630371 529.430420 129.459961 289.380554
54 4 717.661499 542.960876 99.512512 295.744202
54 5 644.176208 387.916840 56.380127 234.705658
54 6 1531.791138 597.278809 146.859009 272.788147
54 7 1261.205566 342.801636 87.208252 197.427551
54 8 640.504700 541.068237 100.666931 286.237976
54 9 1560.704712 350.000366 99.262573 215.313293
54 10 390.337830 335.632629 78.275330 227.394165
54 11 995.477173 440.374237 124.222900 274.946198
54 12 956.043762 382.727905 84.038879 223.796143
54 13 -1.000000 -1.000000 -1.000000 -1.000000
54 14 -1.000000 -1.000000 -1.000000 -1.000000
54 15 -1.000000 -1.000000 -1.000000 -1.000000
55 1 1486.674438 446.673676 101.627808 223.406525
55 2 751.721802 798.933472 76.737488 280.994873
55 3 1206.868530 529.087219 130.958862 289.429810
55 4 714.193359 542.005066 99.444641 300.337341
55 5 644.234192 387.516632 57.870605 233.519257
55 6 1536.263062 600.313171 145.990845 272.463440
55 7 1260.539062 343.900055 88.004028 196.700409
55 8 635.314941 543.140259 102.424988 284.465759
55 9 1559.305176 350.139740 99.776489 215.069244
55 10 389.658722 335.801666 79.324829 226.977936
55 11 997.903076 440.160065 120.859253 275.230255
55 12 960.617920 382.594482 80.408081 224.436340
55 13 -1.000000 -1.000000 -1.000000 -1.000000
55 14 -1.000000 -1.000000 -1.000000 -1.000000
55 15 -1.000000 -1.000000 -1.000000 -1.000000
56 1 1484.820435 447.894257 99.730225 222.061188
56 2 755.105286 798.821289 79.012817 281.057495
56 3 1206.180664 529.424194 132.179932 288.900146
56 4 711.233459 541.452637 98.784363 304.114258
56 5 644.035278 387.001526 59.413940 232.574829
56 6 1539.811157 603.207825 146.968872 272.385864
56 7 1259.896484 345.059479 88.742432 195.766632
56 8 630.639038 545.254089 103.688660 282.582520
56 9 1557.926880 350.211578 100.054932 214.879242
56 10 388.368591 336.134766 80.979553 226.452393
56 11 1000.751953 439.836792 117.124756 275.569763
56 12 965.025696 382.419098 77.072693 225.187286
56 13 -1.000000 -1.000000 -1.000000 -1.000000
56 14 -1.000000 -1.000000 -1.000000 -1.000000
56 15 -1.000000 -1.000000 -1.000000 -1.000000
57 1 1482.915527 448.420166 98.505005 221.748352
57 2 758.024414 799.021729 81.952820 280.796387
57 3 1205.598389 530.453735 133.134033 287.873962
57 4 708.524048 541.356506 97.650635 306.576843
57 5 643.721558 386.407959 60.720703 231.341187
57 6 1542.098877 605.823792 150.181519 272.600281
57 7 1259.325073 346.197144 89.444092 194.708923
57 8 626.719482 547.220398 104.139954 280.775513
57 9 1556.607300 350.126526 100.042358 214.851196
57 10 386.608002 336.603210 82.994629 225.906982
57 11 1003.945984 439.353882 113.128967 276.043518
57 12 969.047852 382.194885 74.119629 225.980408
57 13 -1.000000 -1.000000 -1.000000 -1.000000
57 14 -1.000000 -1.000000 -1.000000 -1.000000
57 15 -1.000000 -1.000000 -1.000000 -1.000000
58 1 1480.863403 448.186127 97.870728 222.196320
58 2 760.362305 799.459656 85.452393 280.293518
58 3 1205.104736 532.199890 133.874390 286.446350
58 4 705.846436 541.705872 96.276428 307.568359
58 5 642.986572 385.831207 62.044067 232.584381
58 6 1543.046387 607.952637 155.558594 273.037476
58 7 1258.855347 347.224518 90.151978 193.608612
58 8 623.742310 548.917786 103.630554 279.152832
58 9 1555.371338 349.931580 99.749878 214.954651
58 10 384.591248 337.152649 85.115662 225.371155
58 11 1007.382751 438.610565 108.929871 276.824860
58 12 972.483276 382.022247 71.594604 226.688995
58 13 -1.000000 -1.000000 -1.000000 -1.000000
58 14 -1.000000 -1.000000 -1.000000 -1.000000
58 15 -1.000000 -1.000000 -1.000000 -1.000000
59 1 1478.558594 447.219238 97.755005 223.390503
59 2 762.099731 800.061279 89.298096 279.624146
59 3 1204.705811 534.653687 134.480469 284.795715
59 4 703.177917 542.500854 94.717834 307.648682
59 5 641.589905 385.357239 63.610107 237.619934
59 6 1542.700684 609.334839 162.456665 273.836853
59 7 1258.498413 348.094299 90.907104 192.565735
59 8 621.415649 550.226501 102.348206 277.792480
59 9 1554.288208 349.702759 99.230591 215.092285
59 10 382.699249 337.709076 86.920929 224.926788
59 11 1010.964050 437.568298 104.644592 277.991089
59 12 975.126465 381.957886 69.610718 227.256042
59 13 -1.000000 -1.000000 -1.000000 -1.000000
59 14 -1.000000 -1.000000 -1.000000 -1.000000
59 15 -1.000000 -1.000000 -1.000000 -1.000000
60 1 1476.079590 445.626862 97.821411 225.217560
60 2 763.304810 800.751221 93.167908 278.861694
60 3 1204.443359 537.709900 135.057007 283.081482
60 4 700.210083 543.706238 93.292786 307.062927
60 5 639.816223 385.096069 65.216736 244.259949
60 6 1541.764404 609.911560 169.367188 274.864563
60 7 1258.217896 348.759552 91.931396 191.760773
60 8 619.650330 551.101624 100.606262 276.699341
60 9 1553.339722 349.431213 98.607666 215.247498
60 10 381.075653 338.211792 88.293549 224.623962
60 11 1014.639465 436.278687 100.397522 279.491516
60 12 976.961304 381.902832 67.983643 227.754456
60 13 -1.000000 -1.000000 -1.000000 -1.000000
60 14 -1.000000 -1.000000 -1.000000 -1.000000
60 15 -1.000000 -1.000000 -1.000000 -1.000000
61 1 1473.430298 443.538055 98.083252 227.501556
61 2 764.074219 801.493591 96.921021 278.047058
61 3 1204.311646 541.201111 135.678955 281.494629
61 4 696.690125 545.237793 92.279114 306.042725
61 5 637.907349 385.059113 66.771423 251.351654
61 6 1540.827148 609.665466 175.026245 276.178528
61 7 1257.937622 349.172241 93.169556 191.416138
61 8 618.342163 551.524475 98.463379 275.777039
61 9 1552.403320 349.145660 98.094238 215.415558
61 10 379.741699 338.675720 89.225983 224.384155
61 11 1018.373047 434.811920 96.281372 281.221100
61 12 978.094971 381.801971 66.710571 228.195282
61 13 -1.000000 -1.000000 -1.000000 -1.000000
61 14 -1.000000 -1.000000 -1.000000 -1.000000
61 15 -1.000000 -1.000000 -1.000000 -1.000000
62 1 1470.772339 441.030243 98.368408 230.206757
62 2 764.472900 802.290527 100.543457 277.177490
62 3 1204.284180 544.980042 136.383301 280.219116
62 4 692.473755 546.969604 91.935059 304.746948
62 5 635.852600 385.202698 68.278137 258.739258
62 6 1540.170044 608.557190 178.704590 277.888977
62 7 1257.625977 349.367279 94.535278 191.558075
62 8 617.276794 551.563599 96.265076 274.758972
62 9 1551.403687 348.848480 97.880859 215.576385
62 10 378.643829 339.115387 89.830841 224.108002
62 11 1022.182251 433.301117 92.379517 283.012421
62 12 978.688599 381.720581 65.788452 228.552429
62 13 -1.000000 -1.000000 -1.000000 -1.000000
62 14 -1.000000 -1.000000 -1.000000 -1.000000
62 15 -1.000000 -1.000000 -1.000000 -1.000000
63 1 1468.191162 438.170898 98.628906 233.363770
63 2 764.572876 803.120178 104.126465 276.270935
63 3 1204.429688 548.828125 137.139893 279.321655
63 4 687.563843 548.812134 92.388550 303.284607
63 5 634.389221 385.364929 69.006653 260.266479
63 6 1539.593506 606.798828 180.201660 279.930603
63 7 1257.286255 349.389496 95.982788 192.175751
63 8 615.919006 551.225037 94.750732 273.537415
63 9 1550.283691 348.514130 98.071289 215.708221
63 10 377.691193 339.503998 90.201294 223.814850
63 11 1026.103271 431.878845 88.893188 284.659912
63 12 978.926819 381.706268 65.206238 228.799286
63 13 -1.000000 -1.000000 -1.000000 -1.000000
63 14 -1.000000 -1.000000 -1.000000 -1.000000
63 15 -1.000000 -1.000000 -1.000000 -1.000000
64 1 1465.663208 435.002563 98.771729 236.878845
64 2 764.485046 803.990845 107.683472 275.309082
64 3 1204.818848 552.530579 137.808472 278.683777
64 4 681.786011 550.652710 93.983887 301.748657
64 5 634.037598 385.470490 68.471130 253.101715
64 6 1539.159668 604.749268 179.298462 282.015381
64 7 1256.959717 349.296234 97.364014 193.119965
64 8 614.559387 550.511047 93.909180 272.093323
64 9 1548.967529 348.149750 98.717773 215.786285
64 10 376.699921 339.793457 90.532867 223.506226
64 11 1030.149658 430.628143 85.921753 286.056061
64 12 978.971802 381.900940 64.886108 228.795837
64 13 -1.000000 -1.000000 -1.000000 -1.000000
64 14 -1.000000 -1.000000 -1.000000 -1.000000
64 15 -1.000000 -1.000000 -1.000000 -1.000000
65 1 1463.037964 431.522919 98.894531 240.711578
65 2 764.314331 804.902405 111.293701 274.322571
65 3 1205.503418 555.914490 138.281006 278.288330
65 4 675.710938 552.464844 96.291260 300.107361
65 5 634.335083 385.487244 67.166443 241.646118
65 6 1538.529541 602.610229 176.580322 284.014526
65 7 1256.713623 349.144989 98.329956 194.166229
65 8 613.167358 549.413757 93.727905 270.418823
65 9 1547.442993 347.826385 99.813599 215.765839
65 10 375.651978 339.935333 90.787659 223.249115
65 11 1034.256348 429.596680 83.588745 287.187256
65 12 978.938904 382.304504 64.817810 228.546753
65 13 -1.000000 -1.000000 -1.000000 -1.000000
65 14 -1.000000 -1.000000 -1.000000 -1.000000
65 15 -1.000000 -1.000000 -1.000000 -1.000000
66 1 1460.247559 427.742218 98.808105 244.880219
66 2 764.174072 805.812134 114.939758 273.372070
66 3 1206.572144 558.917725 138.407104 278.012573
66 4 669.694214 554.244690 99.027771 298.303528
66 5 634.925476 385.393921 65.473267 228.293762
66 6 1537.562256 600.648743 172.686523 285.798340
66 7 1256.626465 349.023621 98.762207 195.045654
66 8 611.763916 547.935913 94.440735 268.571167
66 9 1545.797363 347.573090 101.272461 215.591644
66 10 374.612762 339.909119 90.885681 223.101379
66 11 1038.278442 428.802673 81.953857 288.075134
66 12 978.859497 382.916412 64.900513 228.076508
66 13 -1.000000 -1.000000 -1.000000 -1.000000
66 14 -1.000000 -1.000000 -1.000000 -1.000000
66 15 -1.000000 -1.000000 -1.000000 -1.000000
67 1 1457.120972 423.734039 98.860718 249.311249
67 2 764.204407 806.638306 118.369263 272.527588
67 3 1208.117554 561.452026 138.102905 277.657227
67 4 663.896729 556.045105 101.994995 296.274536
67 5 635.695557 385.178955 63.712708 214.338257
67 6 1536.282471 599.260864 168.190674 287.113708
67 7 1256.686157 348.947723 98.795044 195.588104
67 8 610.407349 546.261292 96.035522 266.618042
67 9 1544.120605 347.415802 102.931396 215.258575
67 10 373.606903 339.716858 90.839752 223.055237
67 11 1042.023926 428.157898 80.997437 288.848755
67 12 978.727783 383.713348 65.100342 227.385468
67 13 -1.000000 -1.000000 -1.000000 -1.000000
67 14 -1.000000 -1.000000 -1.000000 -1.000000
67 15 -1.000000 -1.000000 -1.000000 -1.000000
68 1 1453.665894 419.586670 99.301514 253.910767
68 2 764.532166 807.348450 121.309509 271.820740
68 3 1210.154541 563.560303 137.350952 277.124329
68 4 658.320496 557.932739 105.098450 293.964111
68 5 636.267517 384.963531 62.396545 203.080536
68 6 1534.840088 598.620300 163.806885 287.966980
68 7 1256.793457 348.906677 98.750122 195.758118
68 8 609.350525 544.532532 98.054871 264.495178
68 9 1542.505249 347.359955 104.654419 214.796295
68 10 372.615326 339.388306 90.713928 223.050232
68 11 1045.287720 427.655365 80.612305 289.537384
68 12 978.543274 384.605682 65.264465 226.565948
68 13 717.644165 293.929138 74.699036 194.026520
68 14 -1.000000 -1.000000 -1.000000 -1.000000
68 15 -1.000000 -1.000000 -1.000000 -1.000000
69 1 1450.009521 415.411713 100.024414 258.473236
69 2 765.232849 807.891785 123.586243 271.313538
69 3 1212.670532 565.371582 136.254028 276.375916
69 4 653.591370 559.973450 107.557678 291.324585
69 5 636.394226 384.790161 61.822876 196.017395
69 6 1532.992188 598.686707 160.659058 288.550171
69 7 1256.818115 348.894196 98.833862 195.683563
69 8 608.389099 542.895569 100.488831 262.010925
69 9 1541.093384 347.388763 106.295166 214.268341
69 10 371.626190 339.004944 90.541016 223.030396
69 11 1047.890259 427.264526 80.769287 290.147339
69 12 978.308350 385.389709 65.346191 225.801086
69 13 716.359802 295.019196 74.950867 192.945129
69 14 -1.000000 -1.000000 -1.000000 -1.000000
69 15 -1.000000 -1.000000 -1.000000 -1.000000
70 1 1446.389160 411.336517 100.862061 262.802094
70 2 766.375610 808.237915 124.993958 271.011230
70 3 1215.566406 567.054871 134.925293 275.293091
70 4 649.153687 562.111023 109.760620 288.499146
70 5 636.341370 384.626251 61.738892 191.212189
70 6 1530.877319 599.531128 159.063354 288.996216
70 7 1256.658569 348.893616 99.111938 195.504700
70 8 607.490723 541.481995 103.161743 259.106140
70 9 1539.955444 347.456329 107.791626 213.717133
70 10 370.651001 338.631500 90.390320 222.942596
70 11 1049.815308 426.966919 81.232910 290.662842
70 12 978.017883 386.097137 65.355164 225.034454
70 13 714.822083 296.564575 74.885681 191.395386
70 14 -1.000000 -1.000000 -1.000000 -1.000000
70 15 -1.000000 -1.000000 -1.000000 -1.000000
71 1 1442.840454 407.493317 101.797241 266.574493
71 2 767.973877 808.399292 125.440491 270.886475
71 3 1218.737061 568.743652 133.464478 273.847351
71 4 644.739136 564.334778 111.845520 285.650757
71 5 636.318176 384.425781 61.955017 187.769531
71 6 1528.549561 601.028381 159.038330 289.291382
71 7 1256.251343 348.845978 99.723145 195.371429
71 8 606.578491 540.387573 105.806274 255.805542
71 9 1539.028564 347.568176 109.200195 213.174683
71 10 369.631989 338.260986 90.386780 222.808289
71 11 1051.149658 426.737152 81.814453 291.081940
71 12 977.681030 386.615448 65.373901 224.389496
71 13 713.055542 298.097992 74.442078 189.885223
71 14 -1.000000 -1.000000 -1.000000 -1.000000
71 15 -1.000000 -1.000000 -1.000000 -1.000000
72 1 1439.395386 404.039276 102.527588 269.472931
72 2 770.022827 808.407959 125.022705 270.917847
72 3 1222.153198 570.579956 131.861816 272.089661
72 4 640.532288 566.608826 113.543884 282.921082
72 5 636.478577 384.215118 62.202881 184.667511
72 6 1525.968750 602.991821 160.546875 289.510193
72 7 1255.608887 348.767792 100.486572 195.374603
72 8 605.524048 539.482239 108.253174 252.042358
72 9 1538.234863 347.728729 110.638916 212.642365
72 10 368.582336 337.910065 90.512909 222.683502
72 11 1052.001587 426.658844 82.462524 291.313751
72 12 977.298828 386.813049 65.447754 224.042847
72 13 710.959534 299.369873 73.736633 188.657959
72 14 -1.000000 -1.000000 -1.000000 -1.000000
72 15 -1.000000 -1.000000 -1.000000 -1.000000
73 1 1435.982422 401.095825 102.926025 271.302490
73 2 772.467407 808.272949 123.887512 271.093140
73 3 1225.797729 572.621643 130.282837 270.073853
73 4 636.644714 568.866455 114.628906 280.484192
73 5 636.847229 383.948730 62.386902 182.320251
73 6 1523.074463 605.334290 163.223511 289.614868
73 7 1254.797729 348.684845 100.934692 195.504669
73 8 604.339294 538.774109 110.366577 247.835083
73 9 1537.517822 347.962555 112.177856 212.102753
73 10 367.587463 337.641296 90.660919 222.572510
73 11 1052.506226 426.698608 83.124023 291.399597
73 12 976.826843 386.630554 65.786926 224.032593
73 13 708.953735 300.727722 72.403687 187.388733
73 14 -1.000000 -1.000000 -1.000000 -1.000000
73 15 -1.000000 -1.000000 -1.000000 -1.000000
74 1 1432.525146 398.723785 103.187012 272.068207
74 2 775.180054 808.023193 122.297668 271.378784
74 3 1229.450928 574.875549 129.260254 267.859619
74 4 632.555786 570.999268 115.595459 278.591064
74 5 637.482971 383.629852 62.515747 181.268585
74 6 1519.889404 608.009216 166.556885 289.585999
74 7 1253.913208 348.568420 100.797729 195.717590
74 8 603.063171 538.452087 112.343689 243.319824
74 9 1536.798462 348.249786 113.864014 211.563446
74 10 366.763641 337.436096 90.710907 222.531860
74 11 1052.777832 426.860291 83.746460 291.364075
74 12 976.207336 386.171600 66.463074 224.266510
74 13 707.069336 301.403259 70.658020 186.903381
74 14 -1.000000 -1.000000 -1.000000 -1.000000
74 15 -1.000000 -1.000000 -1.000000 -1.000000
75 1 1428.833984 396.965302 103.554321 271.754181
75 2 778.085693 807.698608 120.551208 271.736694
75 3 1232.963989 577.294983 129.351318 265.514404
75 4 628.315796 572.958313 116.471802 277.347839
75 5 638.407715 383.320557 62.540344 181.391479
75 6 1515.805664 610.895813 170.899658 289.383545
75 7 1253.033203 348.406036 100.057617 195.982819
75 8 601.690613 538.663757 114.434143 238.476257
75 9 1536.022583 348.568207 115.681152 211.082367
75 10 366.187073 337.255066 90.555054 222.607178
75 11 1052.839966 427.116364 84.501221 291.231964
75 12 975.397461 385.435364 67.496826 224.787781
75 13 705.313232 301.138153 68.752258 187.451477
75 14 -1.000000 -1.000000 -1.000000 -1.000000
75 15 -1.000000 -1.000000 -1.000000 -1.000000
76 1 1424.888550 395.831207 104.259399 270.572296
76 2 781.184937 807.309570 118.799255 272.155884
76 3 1236.098877 579.820984 131.122803 263.142822
76 4 623.918335 574.656067 117.425049 276.699402
76 5 639.562622 383.115509 62.367737 182.417511
76 6 1510.265625 613.974121 176.625732 289.066406
76 7 1252.180420 348.237518 98.612061 196.245392
76 8 600.273071 539.426636 116.924438 233.416504
76 9 1535.176880 348.858215 117.555054 210.733948
76 10 366.020905 337.134003 89.991241 222.755219
76 11 1052.697998 427.435852 85.551758 291.041565
76 12 974.327942 384.590057 68.823303 225.409760
76 13 703.967651 300.780426 66.565430 188.092896
76 14 -1.000000 -1.000000 -1.000000 -1.000000
76 15 -1.000000 -1.000000 -1.000000 -1.000000
77 1 1420.725830 395.265808 105.342651 268.863037
77 2 784.505066 806.875000 117.155945 272.621338
77 3 1238.485962 582.424377 135.009521 260.779724
77 4 619.055969 576.034424 118.795654 276.625671
77 5 640.816467 383.015625 62.040039 184.528564
77 6 1502.889526 617.155457 183.996948 288.549255
77 7 1251.350952 348.053772 96.661499 196.499756
77 8 598.907715 540.824463 120.117004 228.644531
77 9 1534.270508 349.068390 119.359375 210.587738
77 10 366.257843 337.020355 89.024902 222.973175
77 11 1052.387939 427.736816 86.924805 290.851501
77 12 972.972473 383.702820 70.415833 226.000000
77 13 703.119202 300.438812 64.166870 188.752869
77 14 -1.000000 -1.000000 -1.000000 -1.000000
77 15 -1.000000 -1.000000 -1.000000 -1.000000
78 1 1416.115845 395.256989 106.999023 266.830231
78 2 788.197021 806.435242 115.618774 273.097351
78 3 1239.775269 585.064880 140.979370 258.471252
78 4 613.321899 577.020752 121.110107 277.071594
78 5 642.102478 383.014252 61.523254 187.255585
78 6 1493.782593 620.305847 192.912109 287.808472
78 7 1250.561646 347.841980 94.460938 196.769287
78 8 597.182495 542.864441 124.812561 224.405090
78 9 1533.322998 349.151917 120.989502 210.705200
78 10 366.768982 336.851807 87.814331 223.258789
78 11 1051.937256 427.984070 88.564087 290.699219
78 12 971.301758 381.446991 71.909180 227.852692
78 13 702.333069 299.536682 62.114563 190.015808
78 14 -1.000000 -1.000000 -1.000000 -1.000000
78 15 -1.000000 -1.000000 -1.000000 -1.000000
79 1 1410.783813 395.802704 109.557739 264.589508
79 2 792.568665 806.005432 113.972351 273.554382
79 3 1239.741577 587.668701 148.403076 256.209656
79 4 606.823364 577.743469 124.273499 277.676941
79 5 643.122131 383.087799 60.928528 189.893036
79 6 1483.516602 623.370667 202.839355 286.819214
79 7 1249.790039 347.657837 92.250000 197.030579
79 8 594.978271 545.294128 130.788879 220.797974
79 9 1532.328857 349.157349 122.411133 211.030518
79 10 367.349701 336.638916 86.551361 223.531799
79 11 1051.380737 428.145416 90.360474 290.620514
79 12 969.398987 377.346832 73.175598 231.427338
79 13 701.446716 298.681976 60.536987 191.191437
79 14 -1.000000 -1.000000 -1.000000 -1.000000
79 15 -1.000000 -1.000000 -1.000000 -1.000000
80 1 1404.512939 396.906036 113.187378 262.172211
80 2 797.869385 805.593506 111.887390 273.982422
80 3 1238.320312 590.234131 156.392090 254.013000
80 4 599.763855 578.385376 128.009583 278.122192
80 5 643.643982 383.159515 60.510010 192.467682
80 6 1472.990845 626.328369 212.840576 285.692200
80 7 1248.980225 347.516388 90.269653 197.282501
80 8 592.174377 547.909363 137.896667 217.925171
80 9 1531.334961 349.123840 123.562378 211.468018
80 10 367.688354 336.416351 85.588348 223.733673
80 11 1050.748413 428.200226 92.109253 290.654633
80 12 967.334351 371.095551 74.188843 237.008087
80 13 700.273560 298.087982 59.499390 192.098938
80 14 -1.000000 -1.000000 -1.000000 -1.000000
80 15 -1.000000 -1.000000 -1.000000 -1.000000
81 1 1397.148926 398.550812 118.088257 259.527069
81 2 804.022705 805.236755 109.367676 274.349060
81 3 1235.562988 592.728271 164.125366 251.903259
81 4 592.475464 578.657227 131.891724 278.768005
81 5 643.609131 383.136414 60.559265 195.313843
81 6 1463.026367 629.134644 222.166382 284.581421
81 7 1248.123169 347.385468 88.671143 197.559601
81 8 588.822510 550.666382 145.602051 215.573792
81 9 1530.413940 349.110168 124.363647 211.893188
81 10 367.404999 336.173096 85.328705 223.850952
81 11 1050.057007 428.150970 93.594849 290.787262
81 12 965.360535 364.036072 74.939514 243.298218
81 13 698.567566 297.238861 59.203857 193.326080
81 14 -1.000000 -1.000000 -1.000000 -1.000000
81 15 -1.000000 -1.000000 -1.000000 -1.000000
82 1 1388.665283 400.697815 124.591675 256.528015
82 2 810.733887 804.946655 106.604370 274.634766
82 3 1231.726318 595.080322 171.122192 250.054932
82 4 585.333984 578.473145 135.646057 279.643494
82 5 643.006042 382.907867 61.294556 198.862701
82 6 1454.071411 631.825439 230.389160 283.667908
82 7 1247.226440 347.229187 87.372559 197.892639
82 8 584.978699 553.487000 153.324402 213.302124
82 9 1529.616821 349.180054 124.824219 212.190369
82 10 366.506195 335.937012 85.738617 223.864685
82 11 1049.302246 427.999115 94.690186 290.989471
82 12 963.621399 356.911346 75.435242 249.625702
82 13 696.295898 296.072571 59.612488 194.872864
82 14 -1.000000 -1.000000 -1.000000 -1.000000
82 15 -1.000000 -1.000000 -1.000000 -1.000000
83 1 1379.502686 403.190796 132.611450 253.358276
83 2 817.552979 804.725159 103.932251 274.826599
83 3 1227.065308 597.294983 177.270752 248.485962
83 4 578.980957 577.944946 138.683716 280.663208
83 5 641.939514 382.405121 62.751343 202.986053
83 6 1446.200806 634.394775 237.461182 283.079224
83 7 1246.269287 347.072601 86.314697 198.237152
83 8 581.439697 556.251892 159.694702 211.033875
83 9 1528.928467 349.404907 125.017578 212.253967
83 10 365.220856 335.702850 86.536804 223.818512
83 11 1048.479736 427.741486 95.466675 291.236053
83 12 962.270996 352.801697 76.223389 253.044312
83 13 693.726868 295.019257 60.435303 196.265503
83 14 -1.000000 -1.000000 -1.000000 -1.000000
83 15 -1.000000 -1.000000 -1.000000 -1.000000
84 1 1370.247437 405.834625 141.593994 250.154327
84 2 823.865967 804.570312 101.778687 274.940552
84 3 1222.106567 599.400635 182.491943 247.338379
84 4 573.796204 576.945496 140.792480 282.100159
84 5 640.851257 381.603821 64.601440 207.590393
84 6 1439.281006 636.877441 243.505493 282.735291
84 7 1245.269531 346.878265 85.441772 198.592621
84 8 578.475037 558.856079 164.461182 208.778442
84 9 1528.374634 349.817322 124.968140 212.059265
84 10 363.845062 335.462280 87.451324 223.789612
84 11 1047.608643 427.346344 95.989502 291.547577
84 12 961.332520 352.674652 77.465332 252.665375
84 13 691.166199 294.072174 61.393372 197.515594
84 14 -1.000000 -1.000000 -1.000000 -1.000000
84 15 -1.000000 -1.000000 -1.000000 -1.000000
85 1 1361.437012 408.437958 150.940674 247.238922
85 2 829.031982 804.475281 100.716492 274.985291
85 3 1217.118042 601.343018 187.030518 246.745789
85 4 569.851807 575.278076 142.074646 284.235718
85 5 640.033936 380.584656 66.554138 212.244812
85 6 1433.118408 639.271118 248.698242 282.405151
85 7 1244.243652 346.668274 84.678955 198.904724
85 8 576.416687 561.205383 167.322388 206.657104
85 9 1527.916382 350.359772 124.799194 211.684113
85 10 362.791748 335.238770 88.009308 223.772705
85 11 1046.724976 426.823578 96.321167 291.907684
85 12 960.812805 357.172302 79.105408 247.872314
85 13 688.876770 293.247467 62.303223 198.545715
85 14 -1.000000 -1.000000 -1.000000 -1.000000
85 15 -1.000000 -1.000000 -1.000000 -1.000000
86 1 1353.566284 410.780182 159.913696 244.913666
86 2 832.943420 804.410034 100.792725 274.982178
86 3 1212.316528 603.110474 191.098389 246.637634
86 4 567.043701 573.686462 142.664429 286.273315
86 5 639.614136 379.438110 68.389587 216.382446
86 6 1427.603027 641.631226 253.073975 281.802612
86 7 1243.216064 346.483826 83.967896 199.115417
86 8 575.729675 563.243042 168.051697 204.776855
86 9 1527.526367 350.898254 124.652100 211.292725
86 10 362.327759 335.066925 87.923920 223.762970
86 11 1045.888550 426.141907 96.515625 292.384399
86 12 960.422791 363.473877 81.266907 241.432007
86 13 687.011658 292.614685 63.010986 199.235962
86 14 -1.000000 -1.000000 -1.000000 -1.000000
86 15 -1.000000 -1.000000 -1.000000 -1.000000
87 1 1346.915649 412.675446 167.793335 243.490021
87 2 835.802673 804.377380 101.756897 274.940613
87 3 1207.776123 604.684509 194.781128 246.752869
87 4 565.327942 572.459656 142.435303 287.972412
87 5 639.703003 378.342651 69.895813 219.115051
87 6 1422.976685 643.948486 256.340942 280.826294
87 7 1242.215454 346.330231 83.344116 199.211517
87 8 576.880249 564.938110 166.435852 203.241577
87 9 1527.190674 351.261353 124.568115 211.067566
87 10 362.299103 334.928314 87.403168 223.799103
87 11 1045.129761 425.340485 96.636597 293.003143
87 12 960.013550 370.203125 83.916016 234.685913
87 13 685.610291 292.284393 63.518005 199.505310
87 14 -1.000000 -1.000000 -1.000000 -1.000000
87 15 -1.000000 -1.000000 -1.000000 -1.000000
88 1 1341.357544 414.001251 174.090698 242.863678
88 2 837.885376 804.383057 103.209473 274.878540
88 3 1203.583984 605.973145 198.037598 247.046143
88 4 564.400879 571.576599 141.710327 289.370605
88 5 640.207031 377.442322 71.117493 220.345520
88 6 1419.428345 646.320190 258.181152 279.364929
88 7 1241.276245 346.111206 82.815674 199.303223
88 8 579.985229 566.296753 162.648438 202.002197
88 9 1527.034912 351.287659 124.426514 211.164124
88 10 362.399017 334.846527 86.814453 223.842255
88 11 1044.460815 424.487183 96.638184 293.719910
88 12 959.483704 375.534302 86.611267 229.337646
88 13 684.557678 292.103760 63.917175 199.537109
88 14 -1.000000 -1.000000 -1.000000 -1.000000
88 15 -1.000000 -1.000000 -1.000000 -1.000000
89 1 1336.603027 414.721558 178.617065 243.010132
89 2 839.569336 804.442871 104.761963 274.784668
89 3 1199.629395 606.889465 201.006104 247.443115
89 4 563.849060 571.082947 140.788574 290.369263
89 5 640.861572 376.820496 72.186951 220.133301
89 6 1416.905762 648.629578 258.475464 277.571594
89 7 1240.406250 345.837585 82.358887 199.414978
89 8 585.415527 567.396301 156.429382 201.003662
89 9 1527.252808 350.931244 124.076904 211.609222
89 10 362.430511 334.798035 86.368256 223.881775
89 11 1043.858398 423.656921 96.526001 294.422791
89 12 958.739014 379.034729 89.166260 225.749268
89 13 683.679626 291.960205 64.278625 199.482513
89 14 -1.000000 -1.000000 -1.000000 -1.000000
89 15 -1.000000 -1.000000 -1.000000 -1.000000
90 1 1332.486450 414.777435 181.139526 243.712067
90 2 841.268188 804.552673 105.967834 274.653381
90 3 1195.872925 607.395264 203.747925 247.853821
90 4 563.508606 571.043762 139.426331 290.844055
90 5 641.496460 376.463684 73.195740 218.551025
90 6 1415.282104 650.759460 257.263794 275.710083
90 7 1239.632568 345.511078 81.997192 199.564545
90 8 593.504944 568.295044 147.517883 200.131714
90 9 1528.161255 350.271179 123.213623 212.337952
90 10 362.106964 334.712891 86.366882 223.986450
90 11 1043.237549 422.890472 96.400024 295.016876
90 12 957.698425 380.371338 91.599060 224.244812
90 13 682.849365 291.797577 64.641724 199.446167
90 14 -1.000000 -1.000000 -1.000000 -1.000000
90 15 -1.000000 -1.000000 -1.000000 -1.000000
91 1 1328.760010 414.240143 181.513306 244.645111
91 2 843.114746 804.738708 106.749878 274.462463
91 3 1192.248779 607.457947 206.391357 248.347046
91 4 563.265747 571.091797 137.630005 291.156311
91 5 641.992676 376.387421 74.179321 215.795441
91 6 1414.343506 652.546021 254.668457 274.104004
91 7 1238.927368 345.181122 81.809814 199.726471
91 8 603.239868 569.046204 136.809082 199.374573
91 9 1530.055542 349.494049 121.572876 213.158539
91 10 361.512177 334.541687 86.698944 224.196289
91 11 1042.459106 422.224548 96.436035 295.382812
91 12 956.458069 380.840179 93.680725 223.526459
91 13 681.943909 291.621246 65.077393 199.445465
91 14 -1.000000 -1.000000 -1.000000 -1.000000
91 15 -1.000000 -1.000000 -1.000000 -1.000000
92 1 1325.135620 413.224915 179.795166 245.445740
92 2 845.101929 804.995361 107.164001 274.203125
92 3 1188.701782 607.073547 209.006958 249.093750
92 4 562.911377 571.080933 135.844299 291.440369
92 5 642.240356 376.551025 75.202026 212.452332
92 6 1413.768921 653.808594 250.977295 272.985840
92 7 1238.265381 344.998077 81.835938 199.770111
92 8 613.498962 564.521851 125.489075 203.914124
92 9 1533.212402 348.861450 118.907471 213.831116
92 10 360.889008 334.356445 87.034454 224.424377
92 11 1041.411865 421.645691 96.795410 295.441345
92 12 955.018250 381.105957 95.241394 222.950317
92 13 680.992554 291.369751 65.469299 199.577789
92 14 -1.000000 -1.000000 -1.000000 -1.000000
92 15 -1.000000 -1.000000 -1.000000 -1.000000
93 1 1321.679321 411.898102 175.907349 245.907074
93 2 847.245483 805.303955 107.362366 273.881592
93 3 1185.224365 606.260254 211.512573 250.157898
93 4 562.416321 571.035095 134.210449 291.649963
93 5 642.234497 376.901337 76.244202 208.864899
93 6 1413.255615 654.344055 246.553833 272.584656
93 7 1237.626709 345.131866 82.088867 199.516449
93 8 623.171753 553.035767 114.674866 215.476440
93 9 1537.735962 348.556152 115.230103 214.205444
93 10 360.567047 334.194183 86.970367 224.642242
93 11 1040.017944 421.104523 97.583618 295.181305
93 12 953.353821 381.301270 96.308411 222.467163
93 13 680.033325 291.121613 65.730347 199.746063
93 14 -1.000000 -1.000000 -1.000000 -1.000000
93 15 -1.000000 -1.000000 -1.000000 -1.000000
94 1 1318.424072 410.355682 169.883911 245.948090
94 2 849.533813 805.650452 107.361633 273.510071
94 3 1181.874634 605.034363 213.613403 251.564941
94 4 561.722412 571.057922 132.827087 291.708252
94 5 642.004395 377.356567 77.423157 205.412903
94 6 1412.514282 654.133362 241.873047 272.961487
94 7 1236.992554 345.587219 82.496704 198.947144
94 8 631.160339 533.826050 105.463074 234.834229
94 9 1543.524414 348.448608 110.636963 214.430542
94 10 360.561005 334.116974 86.444611 224.795319
94 11 1038.211548 420.583252 98.889038 294.607605
94 12 951.520081 381.329742 96.841003 222.158173
94 13 679.078857 290.882263 65.923950 199.925446
94 14 -1.000000 -1.000000 -1.000000 -1.000000
94 15 -1.000000 -1.000000 -1.000000 -1.000000
95 1 1315.213257 408.731262 162.188721 245.656555
95 2 851.977783 806.043579 107.149414 273.101562
95 3 1178.755859 603.424622 214.911377 253.325195
95 4 560.736084 571.278442 132.146423 291.551880
95 5 641.591248 377.913300 78.690796 202.633392
95 6 1411.104736 653.203369 237.458496 274.094177
95 7 1236.362305 346.263824 82.842529 198.172760
95 8 636.288269 506.636444 99.109619 262.257721
95 9 1550.336060 348.480896 105.350830 214.533264
95 10 361.037537 334.164429 85.299377 224.846008
95 11 1036.041016 420.059784 100.659546 293.773041
95 12 949.555542 381.226685 96.750488 221.921143
95 13 678.156372 290.681580 66.073364 200.078064
95 14 -1.000000 -1.000000 -1.000000 -1.000000
95 15 -1.000000 -1.000000 -1.000000 -1.000000
96 1 1311.912231 407.046417 153.419189 245.329865
96 2 854.586426 806.457947 106.627075 272.682678
96 3 1175.982422 601.457642 215.047852 255.427917
96 4 559.323608 571.841187 132.576721 291.168823
96 5 641.060974 378.598175 79.971619 200.709625
96 6 1408.840698 651.597412 233.640625 275.899902
96 7 1235.774658 347.066803 82.979492 197.256927
96 8 639.022827 471.423462 95.402039 297.775085
96 9 1557.742432 348.545044 99.675293 214.627747
96 10 361.910645 334.340302 83.643646 224.786957
96 11 1033.576416 419.504852 102.767456 292.761261
96 12 947.420410 381.157837 96.123901 221.646179
96 13 677.276917 290.532013 66.168030 200.224579
96 14 -1.000000 -1.000000 -1.000000 -1.000000
96 15 -1.000000 -1.000000 -1.000000 -1.000000
97 1 1308.437866 405.280365 143.949219 245.263092
97 2 857.348694 806.884277 105.663574 272.258911
97 3 1173.573120 599.163025 213.946045 257.814758
97 4 557.322083 572.733826 134.236633 290.715149
97 5 640.472229 379.371643 81.177917 199.560974
97 6 1405.468018 649.438171 230.748413 278.258911
97 7 1235.236328 347.827209 82.772583 196.286621
97 8 639.971069 438.480774 93.568726 330.969971
97 9 1565.238892 348.504944 94.060913 214.838684
97 10 363.086456 334.567291 81.627716 224.677277
97 11 1030.898926 418.928619 105.017212 291.618561
97 12 945.177185 381.082245 95.132385 221.336517
97 13 676.422363 290.500977 66.230530 200.243835
97 14 -1.000000 -1.000000 -1.000000 -1.000000
97 15 -1.000000 -1.000000 -1.000000 -1.000000
98 1 1304.680298 403.443481 134.170654 245.744385
98 2 860.219727 807.325867 104.110352 271.829407
98 3 1171.374878 596.629028 211.931274 260.403564
98 4 554.537842 573.822021 136.723999 290.486938
98 5 639.864319 380.113953 82.237976 199.434998
98 6 1400.899658 646.829285 228.964478 281.067383
98 7 1234.735718 348.411407 82.238770 195.419830
98 8 639.718689 411.219116 92.975464 358.337585
98 9 1572.366089 348.278351 88.741211 215.222137
98 10 364.344604 334.732910 79.510254 224.611328
98 11 1028.049194 418.359467 107.355469 290.306610
98 12 942.945618 381.040283 93.858459 220.908936
98 13 675.621338 290.552063 66.233643 200.204163
98 14 -1.000000 -1.000000 -1.000000 -1.000000
98 15 -1.000000 -1.000000 -1.000000 -1.000000
99 1 1300.434570 401.322968 124.536499 246.976349
99 2 863.160095 807.775574 102.032471 271.396423
99 3 1169.105591 593.943909 209.715088 263.136780
99 4 551.042480 575.207825 139.660339 290.468140
99 5 639.236511 380.744354 82.976868 200.595123
99 6 1395.493652 643.841614 227.923950 284.250305
99 7 1234.257446 348.792053 81.596680 194.636047
99 8 637.342041 396.158020 94.632141 373.351685
99 9 1578.717651 348.027191 84.067749 215.611053
99 10 365.610107 334.762512 77.393768 224.652771
99 11 1025.075317 417.813293 109.725830 288.846313
99 12 940.797852 381.045593 92.408203 220.426758
99 13 674.921021 290.743134 66.102173 200.133972
99 14 -1.000000 -1.000000 -1.000000 -1.000000
99 15 -1.000000 -1.000000 -1.000000 -1.000000
100 1 1295.868530 399.040924 115.252563 248.712738
100 2 866.087952 808.230042 99.598267 270.956726
100 3 1166.519775 591.189270 208.147095 265.963562
100 4 546.918579 576.833557 143.081238 290.753662
100 5 638.565613 381.216461 83.378174 202.639069
100 6 1390.170288 640.577332 226.814575 287.711487
100 7 1233.789673 349.105682 80.939209 193.743744
100 8 633.077087 395.814026 98.097534 373.541748
100 9 1583.833740 347.832336 80.441650 215.968262
100 10 366.712463 334.653198 75.463623 224.795715
100 11 1021.980713 417.285309 112.109253 287.269745
100 12 938.856689 380.999603 90.865601 220.123688
100 13 674.284241 291.123627 65.815186 200.033569
100 14 -1.000000 -1.000000 -1.000000 -1.000000
100 15 -1.000000 -1.000000 -1.000000 -1.000000
101 1 1291.014282 396.665833 106.713135 250.708435
101 2 868.960327 808.688538 96.959045 270.518738
101 3 1163.381714 588.437500 207.895020 268.818054
101 4 542.290894 578.510254 146.328979 291.388855
101 5 637.808777 381.339386 83.434998 205.636261
101 6 1385.686768 637.160217 225.011475 291.328308
101 7 1233.296265 349.351562 80.294678 192.781982
101 8 626.756348 410.786530 103.267212 358.392609
101 9 1587.624268 347.787445 78.002808 216.210419
101 10 367.564667 334.420898 73.833130 225.035217
101 11 1018.767395 416.875977 114.509216 285.511536
101 12 937.277039 380.818573 89.414856 220.070221
101 13 673.715332 291.760986 65.430176 199.820618
101 14 -1.000000 -1.000000 -1.000000 -1.000000
101 15 -1.000000 -1.000000 -1.000000 -1.000000
102 1 1285.823608 394.316254 99.654419 252.662872
102 2 871.774170 809.140686 94.276184 270.111389
102 3 1159.534058 585.798035 209.221436 271.601746
102 4 537.454285 580.278748 148.589966 292.183655
102 5 636.941223 381.057037 83.170837 209.931793
102 6 1382.836548 633.703491 221.840454 294.972046
102 7 1232.680176 349.542267 79.758545 191.871246
102 8 618.330200 436.202942 110.027710 333.104126
102 9 1590.153198 347.939117 76.733032 216.319977
102 10 368.103271 334.102173 72.580444 225.352417
102 11 1015.438538 416.565186 116.971375 283.676514
102 12 936.083496 380.556030 88.174561 220.242615
102 13 673.181274 292.637909 65.045959 199.525818
102 14 -1.000000 -1.000000 -1.000000 -1.000000
102 15 -1.000000 -1.000000 -1.000000 -1.000000
103 1 1280.166870 391.896881 94.780518 254.511261
103 2 874.522949 809.557861 91.745911 269.755249
103 3 1155.060059 583.335144 212.034668 274.300110
103 4 532.719543 582.433411 150.228088 292.706726
103 5 635.966736 380.468567 82.550415 215.014099
103 6 1382.080566 630.298157 216.899536 298.545532
103 7 1231.887573 349.690308 79.369751 190.940796
103 8 607.616516 470.516510 118.475830 299.537506
103 9 1591.556885 348.357880 76.806885 216.301056
103 10 368.321625 333.791443 71.739594 225.665649
103 11 1012.044128 416.313263 119.451477 282.015167
103 12 935.198181 380.241943 87.189392 220.615356
103 13 672.569458 293.745697 64.779724 199.122925
103 14 -1.000000 -1.000000 -1.000000 -1.000000
103 15 -1.000000 -1.000000 -1.000000 -1.000000
104 1 1273.872070 389.926788 92.891968 255.733490
104 2 877.187805 809.916077 89.451660 269.470398
104 3 1150.158081 581.127197 216.021851 276.875488
104 4 528.240479 584.777283 151.565918 293.090088
104 5 634.907043 379.731842 81.605713 219.945526
104 6 1383.369629 626.985046 210.340332 302.016174
104 7 1230.963257 349.815643 79.010376 190.090179
104 8 597.455811 503.178253 125.318481 268.240753
104 9 1592.047363 349.027344 78.098633 216.198425
104 10 368.278992 333.567932 71.246552 225.909546
104 11 1008.632019 416.094421 121.900330 280.684448
104 12 934.515076 379.905243 86.513184 221.132355
104 13 671.765625 294.695679 64.737122 198.842834
104 14 -1.000000 -1.000000 -1.000000 -1.000000
104 15 -1.000000 -1.000000 -1.000000 -1.000000
105 1 1266.673462 388.281067 94.251587 256.443726
105 2 879.734680 810.186829 87.425476 269.276306
105 3 1144.964844 579.206055 220.514404 279.276123
105 4 524.178894 587.319336 152.106812 293.334229
105 5 633.781677 378.691010 80.327759 225.125336
105 6 1386.105713 623.616272 202.761963 305.523682
105 7 1229.938354 349.854919 78.869629 189.498962
105 8 588.612793 530.131165 129.690186 243.357666
105 9 1592.014526 349.902466 80.319458 216.017273
105 10 368.099182 333.459473 70.951385 226.051025
105 11 1005.215942 415.969086 124.340332 279.688385
105 12 933.892517 379.611267 86.224426 221.653748
105 13 670.773499 295.279175 64.963257 198.782867
105 14 -1.000000 -1.000000 -1.000000 -1.000000
105 15 -1.000000 -1.000000 -1.000000 -1.000000
106 1 1258.801270 387.062805 98.336060 256.503113
106 2 882.104309 810.361572 85.708069 269.167358
106 3 1139.702881 577.573975 224.974731 281.575012
106 4 520.675110 590.241516 152.171082 293.384705
106 5 632.623779 377.514313 78.811646 230.249847
106 6 1389.434204 620.135071 194.949951 309.140137
106 7 1228.860107 349.816437 79.071655 189.171967
106 8 581.352295 550.329956 131.339050 225.988953
106 9 1591.651001 350.993927 83.264404 215.697296
106 10 367.836029 333.477112 70.770325 226.051636
106 11 1001.862000 415.905670 126.735901 279.067413
106 12 933.243469 379.389008 86.054626 222.118744
106 13 669.580383 295.395538 65.406311 198.998535
106 14 -1.000000 -1.000000 -1.000000 -1.000000
106 15 -1.000000 -1.000000 -1.000000 -1.000000
107 1 1250.765015 386.224609 104.045654 256.030518
107 2 884.214600 810.447388 84.373474 269.120605
107 3 1134.701660 576.240784 228.928711 284.008484
107 4 517.718018 593.694214 152.601807 293.189392
107 5 631.451721 376.321320 77.011292 234.596222
107 6 1392.625854 616.122986 187.603027 313.308594
107 7 1228.149536 349.722687 79.355225 187.229034
107 8 575.723816 563.341309 130.589478 216.477905
107 9 1591.102783 352.304291 86.706909 215.155914
107 10 367.556641 333.625488 70.589783 225.906799
107 11 998.637451 415.983002 129.082153 278.680939
107 12 932.541870 379.186523 85.877380 222.570801
107 13 668.181763 295.086700 65.954041 199.474884
107 14 -1.000000 -1.000000 -1.000000 -1.000000
107 15 -1.000000 -1.000000 -1.000000 -1.000000
108 1 1242.749390 386.001221 110.655396 254.771545
108 2 886.012817 810.473328 83.419678 269.110291
108 3 1129.985229 575.224243 232.238281 286.657776
108 4 515.239868 597.525635 153.054077 292.897888
108 5 630.198242 375.146484 75.016418 238.195251
108 6 1395.366089 611.299561 181.028564 318.317505
108 7 1228.071045 349.645599 79.458984 183.148224
108 8 572.042175 568.954895 127.225159 214.839905
108 9 1590.482910 353.715363 90.135986 214.395599
108 10 367.293915 333.908112 70.344208 225.608246
108 11 995.548157 416.295105 131.389709 278.303833
108 12 931.784668 378.954224 85.765503 223.056519
108 13 666.678223 294.382416 66.535095 200.222900
108 14 -1.000000 -1.000000 -1.000000 -1.000000
108 15 -1.000000 -1.000000 -1.000000 -1.000000
109 1 1235.564453 386.038818 116.595947 253.097961
109 2 887.459167 810.477661 82.861328 269.103760
109 3 1125.350586 574.541626 234.934204 289.469360
109 4 513.193115 601.526855 153.116394 292.630554
109 5 628.831604 373.911011 72.934937 241.515259
109 6 1397.418823 605.492981 175.432617 324.327148
109 7 1228.537476 349.580811 79.334961 176.668213
109 8 569.093018 571.919617 123.013550 216.538635
109 9 1589.867676 355.075623 93.228149 213.505127
109 10 367.057159 334.307190 70.015198 225.170105
109 11 992.590759 416.868103 133.704651 277.806396
109 12 930.993896 378.691315 85.894470 223.568756
109 13 665.212769 293.907715 66.961182 200.703674
109 14 -1.000000 -1.000000 -1.000000 -1.000000
109 15 -1.000000 -1.000000 -1.000000 -1.000000
110 1 1229.437988 386.405640 121.394653 251.029053
110 2 888.565186 810.487061 82.656494 269.075195
110 3 1120.653198 574.228882 237.456299 292.427307
110 4 511.475922 605.444824 153.150543 292.406555
110 5 627.351868 373.020782 70.872864 243.890717
110 6 1398.924683 598.789917 170.700439 331.256836
110 7 1229.491455 349.548035 78.812988 167.656067
110 8 566.666931 573.952515 118.580872 219.759399
110 9 1589.243164 356.339996 95.751587 212.540741
110 10 366.813019 334.802734 69.668549 224.616455
110 11 989.806763 417.852875 135.975830 276.965973
110 12 930.212708 378.383453 86.156250 224.136993
110 13 663.771606 293.931763 67.170654 200.702179
110 14 -1.000000 -1.000000 -1.000000 -1.000000
110 15 -1.000000 -1.000000 -1.000000 -1.000000
111 1 1223.956787 386.946655 125.292603 248.813843
111 2 889.347412 810.521057 82.744812 269.011047
111 3 1115.807739 574.442627 239.919189 295.225281
111 4 510.001007 608.860718 153.072052 292.433411
111 5 625.741760 372.346649 68.808655 245.401215
111 6 1400.176270 591.111816 166.525757 339.175354
111 7 1230.875854 349.641815 77.863281 157.823792
111 8 564.833313 575.384033 114.141541 223.785706
111 9 1588.653320 357.332611 97.603027 211.733795
111 10 366.530975 335.345459 69.391296 224.010437
111 11 987.190430 419.055359 138.206421 275.921997
111 12 929.427124 378.050293 86.630737 224.755615
111 13 662.333923 294.400391 67.200500 200.318420
111 14 -1.000000 -1.000000 -1.000000 -1.000000
111 15 -1.000000 -1.000000 -1.000000 -1.000000
112 1 1218.623535 387.577759 128.720825 246.549561
112 2 889.835754 810.592896 83.036621 268.911255
112 3 1110.719360 575.233887 242.419922 297.341797
112 4 508.716614 611.389404 152.233459 292.849304
112 5 623.971802 371.821259 66.998047 246.107941
112 6 1401.286255 583.119385 162.790283 347.400635
112 7 1232.125488 349.864685 76.937012 151.441315
112 8 563.713135 576.284973 109.616089 228.109680
112 9 1588.122925 357.839447 98.739136 211.366730
112 10 366.155701 335.894928 69.359222 223.387726
112 11 984.708618 420.315735 140.325806 274.792236
112 12 928.615295 377.758636 87.306641 225.353424
112 13 660.902954 295.101318 67.145752 199.754944
112 14 -1.000000 -1.000000 -1.000000 -1.000000
112 15 -1.000000 -1.000000 -1.000000 -1.000000
113 1 1213.371582 388.119690 131.586304 244.523010
113 2 890.040588 810.706421 83.471313 268.770630
113 3 1105.525879 576.502380 244.667969 298.522583
113 4 507.592987 612.841736 150.739288 293.699829
113 5 622.170776 371.428467 65.512817 245.936951
113 6 1402.092163 575.259033 159.576050 355.468689
113 7 1232.873169 350.135345 76.447998 149.902924
113 8 563.333191 576.632874 105.212341 232.621155
113 9 1587.784180 357.591675 99.163086 211.731812
113 10 365.665161 336.383209 69.637329 222.815948
113 11 982.385437 421.459137 142.176208 273.733307
113 12 927.771240 377.547455 87.875366 225.892914
113 13 659.335449 295.906891 67.032715 199.071594
113 14 -1.000000 -1.000000 -1.000000 -1.000000
113 15 -1.000000 -1.000000 -1.000000 -1.000000
114 1 1207.722290 388.899780 134.355469 242.321350
114 2 889.973938 810.858887 83.952026 268.588867
114 3 1100.700562 578.102966 246.247803 298.793396
114 4 506.551117 613.416992 148.873505 294.730103
114 5 620.442200 371.248901 64.385864 244.768616
114 6 1402.579956 567.986877 156.868774 362.921265
114 7 1233.219971 350.461273 76.472168 153.660065
114 8 563.669678 576.451660 100.851501 237.163574
114 9 1587.992310 356.597412 98.859009 212.854736
114 10 365.116241 336.684418 70.198273 222.413788
114 11 980.267090 422.438751 143.500610 272.773102
114 12 926.934509 377.423492 87.887085 226.333893
114 13 657.561951 296.758728 66.909729 198.279816
114 14 -1.000000 -1.000000 -1.000000 -1.000000
114 15 -1.000000 -1.000000 -1.000000 -1.000000
115 1 1201.655273 389.681976 136.665405 240.137115
115 2 889.642639 811.080444 84.396179 268.346924
115 3 1096.598877 579.918274 246.715454 298.199890
115 4 505.534515 613.265015 146.383759 295.897217
115 5 618.826660 370.953888 63.682617 243.024261
115 6 1402.617920 561.767700 154.734985 369.286560
115 7 1233.247803 350.818207 77.041748 162.810822
115 8 564.565857 575.872375 96.548035 241.551392
115 9 1589.116455 355.273315 97.800171 214.311035
115 10 364.551208 336.691864 70.886353 222.298615
115 11 978.387024 422.712189 144.063904 272.401093
115 12 926.067810 377.396057 87.503601 226.636169
115 13 655.616333 297.337311 66.762146 197.704163
115 14 -1.000000 -1.000000 -1.000000 -1.000000
115 15 -1.000000 -1.000000 -1.000000 -1.000000
116 1 1195.525024 390.261658 137.905640 238.167114
116 2 889.043701 811.382202 84.775635 268.027466
116 3 1093.308716 581.646545 246.155396 297.081970
116 4 504.468384 612.637756 143.124512 297.041382
116 5 617.340881 370.714142 63.471436 240.667633
116 6 1402.198853 557.395752 153.161377 373.762756
116 7 1233.000000 351.041870 78.075562 173.843445
116 8 565.900208 575.121460 92.324768 245.967651
116 9 1591.266602 353.794342 96.055176 215.884735
116 10 364.018890 336.438293 71.516876 222.437500
116 11 976.764832 422.336792 143.649109 272.538086
116 12 925.195129 377.427917 86.830688 226.823853
116 13 653.570007 297.531921 66.549927 197.441772
116 14 -1.000000 -1.000000 -1.000000 -1.000000
116 15 -1.000000 -1.000000 -1.000000 -1.000000
117 1 1189.628540 390.489563 137.562012 236.584473
117 2 888.171997 811.768372 85.075195 267.608826
117 3 1090.794067 582.986267 244.813354 295.954895
117 4 503.302277 611.744080 139.317108 298.122742
117 5 616.014954 370.575623 63.513672 238.164307
117 6 1401.440552 555.226624 151.996582 375.997314
117 7 1232.686279 351.124329 79.566040 183.689331
117 8 567.445740 574.378723 88.264771 250.448547
117 9 1594.512573 352.450409 93.626343 217.243134
117 10 363.481812 335.952057 71.888306 222.846100
117 11 975.370667 421.274445 142.129578 273.224396
117 12 924.339417 377.477509 85.887146 226.939606
117 13 651.354675 297.510864 66.336182 197.346100
117 14 -1.000000 -1.000000 -1.000000 -1.000000
117 15 -1.000000 -1.000000 -1.000000 -1.000000
118 1 1184.015869 390.211426 135.438843 235.382507
118 2 887.055115 812.245300 85.268066 267.086853
118 3 1088.929932 583.801514 243.233154 295.151367
118 4 502.019379 610.668762 134.949432 299.215149
118 5 614.705872 370.535461 63.742920 235.833557
118 6 1400.517944 555.272583 151.156860 375.995728
118 7 1232.352051 351.075684 81.445557 191.293213
118 8 569.054871 573.774780 84.309021 254.773560
118 9 1598.675781 351.906586 90.762207 217.768524
118 10 362.927063 335.234314 71.908142 223.562561
118 11 973.810059 418.868042 139.818481 275.087097
118 12 923.519287 377.534454 85.229675 226.983307
118 13 649.088318 297.393555 66.162842 197.421875
118 14 -1.000000 -1.000000 -1.000000 -1.000000
118 15 -1.000000 -1.000000 -1.000000 -1.000000
119 1 1178.704712 388.897461 131.375854 235.252441
119 2 885.725342 812.829834 85.390503 266.460693
119 3 1087.476196 583.955505 241.679443 294.923828
119 4 500.646881 609.373901 130.117035 300.507751
119 5 613.266296 370.525024 64.106873 233.921326
119 6 1399.573120 557.312317 150.536011 373.986084
119 7 1231.765259 350.868011 83.833374 196.309723
119 8 570.465149 573.410217 80.653564 258.550049
119 9 1603.220825 352.445282 87.693604 217.165314
119 10 362.158325 334.433289 71.719513 224.458252
119 11 971.854187 414.858459 136.812561 278.360413
119 12 922.702454 377.612671 85.388977 226.977661
119 13 646.670715 296.827087 66.123901 198.135620
119 14 -1.000000 -1.000000 -1.000000 -1.000000
119 15 -1.000000 -1.000000 -1.000000 -1.000000
120 1 1173.634644 386.747894 125.413330 235.884552
120 2 884.183899 813.489563 85.561890 265.756042
120 3 1086.222656 582.916504 240.323120 295.855042
120 4 499.205780 607.822571 125.123688 302.081970
120 5 611.623779 370.657684 64.487366 232.426361
120 6 1398.697998 560.652039 150.105469 370.658325
120 7 1230.651978 350.492401 86.886353 198.700104
120 8 571.672546 573.283875 77.221985 261.598938
120 9 1607.501221 353.342743 84.798462 216.207916
120 10 361.001068 333.661407 71.652771 225.403107
120 11 969.264404 409.585480 133.265625 282.779449
120 12 921.954102 377.820679 86.204712 226.823059
120 13 644.068787 296.261353 66.361938 199.030396
120 14 -1.000000 -1.000000 -1.000000 -1.000000
120 15 -1.000000 -1.000000 -1.000000 -1.000000
121 1 1168.726318 384.165649 118.167114 236.753235
121 2 882.462646 814.223694 85.774475 264.987244
121 3 1085.228149 580.578308 238.894531 298.108276
121 4 497.737274 605.999878 120.455414 304.002747
121 5 609.785583 370.821106 64.764038 231.505432
121 6 1397.910034 563.612244 149.919678 367.685852
121 7 1228.929321 349.980804 90.647461 200.242279
121 8 572.359741 573.244690 74.179993 263.690002
121 9 1611.290894 354.453613 82.092896 215.121277
121 10 359.374939 332.904236 71.911652 226.441406
121 11 966.109802 403.674225 128.969177 287.770172
121 12 921.248474 378.242767 87.570984 226.480316
121 13 641.466858 295.949707 66.703735 199.798340
121 14 -1.000000 -1.000000 -1.000000 -1.000000
121 15 -1.000000 -1.000000 -1.000000 -1.000000
122 1 1163.782227 381.670380 110.032715 237.178680
122 2 880.602539 815.047424 86.022522 264.157654
122 3 1084.543579 576.852417 237.281250 301.808228
122 4 496.245819 603.863464 116.296661 306.306152
122 5 607.767212 370.971619 65.037842 231.009583
122 6 1397.168213 565.191101 150.125732 366.023010
122 7 1226.618408 349.367279 94.788086 201.445282
122 8 572.457458 573.185242 71.525024 264.988953
122 9 1614.530762 355.702240 79.659180 214.079376
122 10 357.360138 332.131470 72.636261 227.545959
122 11 962.266296 397.554779 123.961853 292.947601
122 12 920.543152 379.155151 89.152771 225.676880
122 13 639.097290 295.617981 66.927673 200.613251
122 14 -1.000000 -1.000000 -1.000000 -1.000000
122 15 -1.000000 -1.000000 -1.000000 -1.000000
123 1 1158.665161 379.542542 101.756592 236.971252
123 2 878.593689 815.971069 86.369629 263.266724
123 3 1084.251221 571.703735 235.042603 306.997925
123 4 494.725739 601.493103 112.915558 308.887451
123 5 605.656067 371.300720 65.252319 230.624146
123 6 1396.491699 565.300476 150.774658 365.676697
123 7 1223.934082 348.744080 99.082764 202.350159
123 8 571.734680 573.070496 69.407593 265.708801
123 9 1617.247314 356.744812 77.508789 213.502747
123 10 355.105011 331.399109 73.775787 228.606995
123 11 958.419678 393.086121 117.682983 296.546448
123 12 919.811218 380.775665 90.210083 224.206696
123 13 637.090210 296.091125 66.799438 200.525757
123 14 -1.000000 -1.000000 -1.000000 -1.000000
123 15 -1.000000 -1.000000 -1.000000 -1.000000
124 1 1153.449829 378.130341 94.052979 235.736420
124 2 876.402710 816.980774 86.852417 262.308777
124 3 1084.420044 565.192078 232.081421 313.578979
124 4 493.180725 598.970947 110.346069 311.605408
124 5 603.548523 372.177673 65.391541 229.872070
124 6 1395.911133 564.693298 151.892456 365.819824
124 7 1221.244995 348.217529 103.283447 202.988708
124 8 570.303040 572.840271 67.679077 266.120972
124 9 1619.586548 357.415985 75.706177 213.627106
124 10 352.819000 330.669922 75.145416 229.633057
124 11 954.652405 390.973450 110.578430 297.995850
124 12 919.097961 383.211914 90.822449 222.026306
124 13 635.677551 297.515411 66.336731 199.279846
124 14 -1.000000 -1.000000 -1.000000 -1.000000
124 15 -1.000000 -1.000000 -1.000000 -1.000000
125 1 1148.127930 377.350586 87.841553 234.778748
125 2 874.034424 818.083069 87.395203 261.274963
125 3 1085.316284 558.185181 228.005493 320.660583
125 4 491.611664 596.441833 108.536530 314.308655
125 5 601.444519 373.566040 65.538879 228.720886
125 6 1395.509888 564.356628 153.429810 365.387634
125 7 1218.938232 347.866150 107.133423 203.319580
125 8 568.050659 572.421204 66.447693 266.541626
125 9 1621.893433 357.967957 74.036621 214.171753
125 10 350.704895 329.995605 76.440918 230.584351
125 11 950.999817 391.326294 103.265076 297.213806
125 12 918.336670 386.142731 91.217957 219.491791
125 13 634.895081 298.736542 65.451721 198.007294
125 14 -1.000000 -1.000000 -1.000000 -1.000000
125 15 -1.000000 -1.000000 -1.000000 -1.000000
126 1 1142.625244 377.033478 82.829346 235.003937
126 2 871.486389 819.248718 88.097778 260.185730
126 3 1086.931396 550.998840 223.167603 327.795654
126 4 490.042664 593.942749 107.267883 316.932068
126 5 599.343689 375.386047 65.838867 227.184998
126 6 1395.414307 565.987671 155.316772 362.652161
126 7 1217.119385 347.830078 110.608154 203.274353
126 8 565.444519 571.906067 65.440552 267.072083
126 9 1624.225830 358.386261 72.631348 215.078522
126 10 348.907471 329.431458 77.421936 231.362000
126 11 947.080750 393.035522 96.816589 295.332947
126 12 917.487366 389.321594 91.660583 216.819214
126 13 634.287720 299.468262 64.582764 197.083801
126 14 -1.000000 -1.000000 -1.000000 -1.000000
126 15 -1.000000 -1.000000 -1.000000 -1.000000
127 1 1136.877441 376.947876 79.566895 237.130798
127 2 868.747498 820.436462 89.009583 259.070251
127 3 1089.263184 544.355042 216.225586 334.129700
127 4 488.512238 591.493408 106.406219 319.462463
127 5 597.247437 377.419617 66.286011 225.423096
127 6 1395.757202 569.863281 157.391479 357.424927
127 7 1215.837158 348.030487 113.811768 203.047028
127 8 562.467896 571.329346 64.797302 267.730652
127 9 1626.500488 358.543671 71.584106 216.361481
127 10 347.441498 329.080505 77.940826 231.864685
127 11 942.957031 395.396515 91.883667 293.052765
127 12 916.565063 392.115387 92.930298 214.670990
127 13 633.569519 300.055695 64.018372 196.266174
127 14 -1.000000 -1.000000 -1.000000 -1.000000
127 15 -1.000000 -1.000000 -1.000000 -1.000000
128 1 1130.753052 377.140381 77.920776 241.305115
128 2 865.832581 821.589233 90.118408 257.970825
128 3 1092.474731 538.767151 206.596313 339.086670
128 4 487.031281 589.113953 105.676422 321.873291
128 5 595.201172 379.162354 66.921997 223.885254
128 6 1396.557373 575.677856 159.471924 350.164062
128 7 1214.993408 348.358673 116.900635 202.879059
128 8 559.147644 570.658081 64.597961 268.590698
128 9 1628.649658 358.451324 70.912354 217.834259
128 10 346.159729 328.973907 78.089203 232.077423
128 11 937.948669 397.113708 89.445129 291.592651
128 12 915.564148 393.841187 95.679810 213.692383
128 13 632.513367 299.047760 64.115417 197.055206
128 14 -1.000000 -1.000000 -1.000000 -1.000000
128 15 -1.000000 -1.000000 -1.000000 -1.000000
129 1 1124.005493 377.699860 77.668579 247.599701
129 2 862.776978 822.653992 91.398987 256.934631
129 3 1096.589600 534.495605 194.632935 342.304016
129 4 485.593475 586.702026 104.880096 324.293274
129 5 593.183228 379.883331 67.697754 223.296295
129 6 1397.732666 581.793457 161.473022 342.643738
129 7 1214.425781 348.686127 119.864624 202.857697
129 8 555.421021 569.932068 64.956360 269.667847
129 9 1630.728271 358.099274 70.445190 219.390472
129 10 344.977600 329.098389 77.945709 232.036682
129 11 932.020569 397.612244 89.489746 291.351685
129 12 914.358643 394.019318 99.034058 214.183380
129 13 631.073975 296.361969 64.705566 199.561096
129 14 -1.000000 -1.000000 -1.000000 -1.000000
129 15 -1.000000 -1.000000 -1.000000 -1.000000
130 1 1116.571045 379.048096 78.465454 253.664185
130 2 859.590088 823.584900 92.883911 256.003479
130 3 1101.467041 531.184509 181.367065 344.069275
130 4 484.216705 584.091125 104.024689 326.924744
130 5 591.289673 379.610870 68.518982 223.548553
130 6 1399.182983 587.042969 163.268921 336.190063
130 7 1214.013550 348.902039 122.729370 203.044373
130 8 551.695068 569.337036 65.651917 270.718018
130 9 1632.651001 357.592743 70.231689 220.876617
130 10 343.757446 329.377380 77.696625 231.817139
130 11 925.188354 396.620514 91.694885 292.526276
130 12 913.326965 392.945862 102.441833 215.816833
130 13 629.080322 293.771912 65.877747 202.074524
130 14 -1.000000 -1.000000 -1.000000 -1.000000
130 15 -1.000000 -1.000000 -1.000000 -1.000000
131 1 1108.306885 381.140167 80.703369 258.434540
131 2 856.286560 824.372803 94.501343 255.183472
131 3 1107.039673 528.955872 165.872437 344.417542
131 4 482.865082 581.304016 103.098724 329.754700
131 5 589.428955 378.510742 69.393127 224.488892
131 6 1400.765503 590.594360 164.712158 331.735168
131 7 1213.923462 348.893951 125.195435 203.464142
131 8 547.759705 569.045166 66.896301 271.539062
131 9 1634.387573 357.047577 70.112549 222.147980
131 10 342.395569 329.773438 77.526123 231.476685
131 11 917.495544 395.338013 95.568909 293.918884
131 12 912.861267 390.879578 105.308533 218.328247
131 13 626.755981 291.854126 67.308777 203.978790
131 14 -1.000000 -1.000000 -1.000000 -1.000000
131 15 -1.000000 -1.000000 -1.000000 -1.000000
132 1 1099.333984 383.677673 83.811768 261.606018
132 2 852.869385 824.997864 96.243774 254.502014
132 3 1113.296631 527.181091 150.218262 344.158569
132 4 481.531677 578.485779 102.154846 332.617126
132 5 587.528931 377.004089 70.350403 225.961304
132 6 1402.372314 592.496582 165.643555 329.217896
132 7 1214.308716 348.769073 126.955444 203.930267
132 8 543.842102 569.098755 68.481689 272.122803
132 9 1635.948853 356.643524 69.985718 223.051239
132 10 340.886871 330.197693 77.501495 231.115967
132 11 908.878784 394.482208 100.786255 294.837189
132 12 914.088501 388.294708 106.064453 221.206635
132 13 624.276794 290.637360 68.813660 205.219238
132 14 -1.000000 -1.000000 -1.000000 -1.000000
132 15 -1.000000 -1.000000 -1.000000 -1.000000
133 1 1090.062378 386.343719 87.338867 263.073334
133 2 849.373657 825.476013 98.053589 253.950378
133 3 1119.748047 525.483276 136.071533 343.768005
133 4 480.241821 575.730042 101.316772 335.419983
133 5 585.459351 375.543976 71.438965 227.772308
133 6 1403.986572 592.952393 165.943481 328.361816
133 7 1215.395020 348.514313 127.542603 204.432831
133 8 540.215698 569.611267 70.208923 272.344360
133 9 1637.368286 356.471252 69.792236 223.558411
133 10 339.303284 330.580994 77.574768 230.798950
133 11 899.673767 394.245056 106.882812 295.119019
133 12 917.183533 385.893524 104.233826 223.826324
133 13 621.893921 290.533264 70.047241 205.353821
133 14 -1.000000 -1.000000 -1.000000 -1.000000
133 15 -1.000000 -1.000000 -1.000000 -1.000000
134 1 1080.664429 388.818268 91.060791 262.880402
134 2 845.840698 825.850037 99.834351 253.492859
134 3 1126.079834 523.838989 123.920288 343.488098
134 4 478.985016 573.350464 100.715607 337.848389
134 5 583.218872 374.599792 72.779358 229.571106
134 6 1405.680908 592.811157 165.399292 328.264648
134 7 1217.554688 348.153442 126.609863 204.899231
134 8 536.033386 570.592529 72.912781 272.346558
134 9 1638.444580 356.579224 69.736816 223.670715
134 10 337.690948 330.930481 77.670807 230.493225
134 11 890.061157 395.012451 113.454895 294.460571
134 12 922.119690 384.214783 100.412048 225.788513
134 13 619.804138 291.553009 70.960083 204.368927
134 14 -1.000000 -1.000000 -1.000000 -1.000000
134 15 -1.000000 -1.000000 -1.000000 -1.000000
135 1 1071.379639 390.549469 94.610352 262.365143
135 2 842.279175 826.170776 101.547180 253.093262
135 3 1131.850220 522.608459 112.559326 343.150452
135 4 477.735107 571.651001 100.216309 339.563477
135 5 580.742798 374.192444 74.446716 231.546631
135 6 1407.480957 592.567749 163.879272 328.373962
135 7 1220.958252 347.731964 123.917847 205.332733
135 8 530.974609 571.968079 76.704590 272.284790
135 9 1639.033691 356.977753 69.950195 223.393524
135 10 336.157257 331.236664 77.650604 230.190704
135 11 880.236267 397.042969 120.207031 292.650085
135 12 928.246277 383.149902 95.201538 227.199646
135 13 618.047974 292.854736 71.435608 203.049805
135 14 -1.000000 -1.000000 -1.000000 -1.000000
135 15 -1.000000 -1.000000 -1.000000 -1.000000
136 1 1062.514526 391.733337 97.616577 261.800415
136 2 838.677185 826.456970 103.190552 252.739563
136 3 1136.656250 521.527161 105.028564 343.007263
136 4 476.511017 570.695312 99.796112 340.498108
136 5 578.168213 374.207123 76.352539 233.853241
136 6 1409.450928 592.382568 161.220825 328.482788
136 7 1225.379150 347.276337 119.788696 205.740021
136 8 524.484741 573.611877 81.985107 272.454285
136 9 1639.122314 357.697998 70.531616 222.752258
136 10 334.709167 331.478485 77.468842 229.901886
136 11 870.484985 399.169556 127.123779 290.778687
136 12 934.581787 382.608429 89.753418 228.119415
136 13 616.733826 294.095581 71.479431 201.732208
136 14 -1.000000 -1.000000 -1.000000 -1.000000
136 15 -1.000000 -1.000000 -1.000000 -1.000000
137 1 1054.168091 392.516083 100.165527 261.250031
137 2 835.052429 826.734070 104.694580 252.396790
137 3 1140.077148 520.829346 101.880005 342.821228
137 4 475.302490 570.354492 99.469177 340.845398
137 5 575.593445 374.404114 78.473816 236.283997
137 6 1411.596802 592.309204 157.331665 328.503113
137 7 1230.484619 346.741669 114.656494 206.116913
137 8 516.411926 575.338379 88.735168 272.874390
137 9 1638.727905 358.576050 71.563110 221.930481
137 10 333.333160 331.674377 77.078979 229.604004
137 11 861.099670 401.241974 133.916382 288.917633
137 12 938.700562 383.216827 86.286743 227.907990
137 13 615.773010 295.109375 71.066711 200.577911
137 14 -1.000000 -1.000000 -1.000000 -1.000000
137 15 -1.000000 -1.000000 -1.000000 -1.000000
138 1 1046.238037 392.985809 102.463379 260.842499
138 2 831.371704 827.017700 106.079407 252.049316
138 3 1142.217773 520.659241 102.945068 342.513611
138 4 474.066833 570.446716 99.236694 340.819458
138 5 573.134338 374.547974 80.848511 238.639771
138 6 1413.915039 592.340027 152.176147 328.443665
138 7 1235.851440 346.208466 109.170776 206.334442
138 8 506.621429 576.776917 96.576263 273.927856
138 9 1637.923462 359.375122 73.149170 221.191956
138 10 331.975403 331.855530 76.450012 229.263245
138 11 852.323242 403.313354 140.238708 286.960754
138 12 940.293518 384.876923 85.103577 226.583099
138 13 615.077820 295.988129 70.338623 199.542511
138 14 -1.000000 -1.000000 -1.000000 -1.000000
138 15 -1.000000 -1.000000 -1.000000 -1.000000
139 1 1038.941040 393.170837 104.415771 260.635071
139 2 827.559387 827.316528 107.439270 251.702148
139 3 1142.883545 521.036743 107.162598 342.099609
139 4 472.829742 570.646179 99.046173 340.773987
139 5 570.829407 374.546112 83.399231 240.785980
139 6 1416.367310 592.473206 145.910278 328.264465
139 7 1240.677734 345.654144 104.273193 206.571320
139 8 497.141266 577.816528 103.323700 275.395386
139 9 1636.983276 359.986145 75.232666 220.657166
139 10 330.653839 332.043457 75.647980 228.890076
139 11 844.360107 404.951752 145.910522 285.309479
139 12 939.634827 387.358337 85.921082 224.338074
139 13 614.025879 296.656342 69.682251 198.736053
139 14 -1.000000 -1.000000 -1.000000 -1.000000
139 15 -1.000000 -1.000000 -1.000000 -1.000000
140 1 1032.239746 393.123199 106.204346 260.592621
140 2 823.648254 827.604797 108.723999 251.373840
140 3 1142.368774 521.783325 115.827515 341.714966
140 4 471.614502 570.668091 98.885132 340.904053
140 5 568.717590 374.327576 86.041199 242.584412
140 6 1418.922119 592.709839 138.820435 327.932129
140 7 1244.430664 345.064941 100.668213 206.919128
140 8 487.852966 578.255127 109.049194 277.438110
140 9 1636.174438 360.360260 77.802612 220.428436
140 10 329.281708 332.314636 74.676910 228.448547
140 11 837.388184 406.008606 150.731873 284.078430
140 12 937.042786 390.446411 88.615906 221.364807
140 13 612.861633 296.668518 69.094971 198.610016
140 14 -1.000000 -1.000000 -1.000000 -1.000000
140 15 -1.000000 -1.000000 -1.000000 -1.000000
141 1 1026.229736 392.468781 107.778198 261.042084
141 2 819.669373 827.905701 109.857178 251.043762
141 3 1141.098877 523.082764 124.868286 341.150208
141 4 470.391083 570.358459 98.727814 341.381287
141 5 566.770447 374.022522 88.604309 243.816406
141 6 1421.418945 593.044556 131.345947 327.400452
141 7 1246.926392 344.478729 98.646973 207.473419
141 8 479.865082 577.741089 112.527252 280.300842
141 9 1635.594849 360.396637 80.965332 220.609467
141 10 327.843628 332.712189 73.602966 227.912506
141 11 831.554626 407.243195 154.301819 282.450043
141 12 933.430298 394.202026 91.941162 217.634583
141 13 611.385071 295.996338 68.772522 199.214813
141 14 -1.000000 -1.000000 -1.000000 -1.000000
141 15 -1.000000 -1.000000 -1.000000 -1.000000
142 1 1021.140015 391.260590 108.850342 261.924286
142 2 815.645081 828.237366 110.834961 250.708191
142 3 1139.561646 524.957764 132.197266 340.275574
142 4 469.184479 569.705078 98.477570 342.132446
142 5 564.969666 373.679535 90.946045 244.638275
142 6 1423.665771 593.473816 123.996338 326.686523
142 7 1248.169922 343.895996 98.309326 208.438171
142 8 473.578705 576.815796 113.555328 283.463806
142 9 1635.150391 360.185760 84.933960 221.135529
142 10 326.299103 333.177612 72.549042 227.360840
142 11 826.836304 408.268066 156.484131 280.809753
142 12 930.414001 397.051422 94.705017 214.718842
142 13 609.591797 294.841034 68.832947 200.319641
142 14 -1.000000 -1.000000 -1.000000 -1.000000
142 15 -1.000000 -1.000000 -1.000000 -1.000000
143 1 1017.095947 389.584106 109.222046 263.088257
143 2 811.590332 828.602905 111.649353 250.364136
143 3 1137.962646 527.370056 136.691528 338.948425
143 4 468.072388 568.753052 98.037354 343.075989
143 5 563.315674 373.435730 92.987061 245.139954
143 6 1425.422852 594.020325 117.264160 325.787170
143 7 1248.304688 343.354462 99.486450 209.843170
143 8 469.209930 576.289490 112.744904 285.893066
143 9 1634.758301 359.920685 89.711426 221.881256
143 10 324.676544 333.567780 71.594757 226.948883
143 11 823.106262 408.807709 157.163879 279.508942
143 12 928.376404 398.176849 97.413513 213.473297
143 13 607.322144 293.409576 69.369080 201.601776
143 14 -1.000000 -1.000000 -1.000000 -1.000000
143 15 -1.000000 -1.000000 -1.000000 -1.000000
144 1 1013.938904 387.536865 109.026794 264.409607
144 2 807.583557 828.974365 112.240173 250.033447
144 3 1136.925293 530.206482 138.541138 337.040527
144 4 467.103027 567.551147 97.323608 344.005676
144 5 561.832458 373.358032 94.727417 245.353027
144 6 1426.449829 594.699036 111.510376 324.774780
144 7 1247.754272 343.015411 101.585571 211.407684
144 8 465.683838 576.543213 111.485046 287.192749
144 9 1634.323120 359.696106 95.256226 222.795898
144 10 322.921539 333.706451 70.835968 226.822235
144 11 820.157410 408.999268 156.322937 278.500610
144 12 927.264160 397.383362 100.045410 214.062378
144 13 604.914551 291.965027 70.170715 202.742371
144 14 -1.000000 -1.000000 -1.000000 -1.000000
144 15 -1.000000 -1.000000 -1.000000 -1.000000
145 1 1011.661438 385.234650 108.142761 265.732330
145 2 803.627075 829.379211 112.646790 249.685608
145 3 1136.483032 533.306641 136.792114 334.618347
145 4 466.345490 566.201965 96.502106 344.881653
145 5 560.538696 373.585999 96.352966 245.177185
145 6 1426.493652 595.508057 107.000488 323.705994
145 7 1246.814941 342.962463 104.310669 212.894470
145 8 463.062683 578.130310 109.911926 286.696716
145 9 1633.747803 359.571411 101.317871 223.777893
145 10 321.070709 333.457092 70.484985 227.087891
145 11 817.809143 408.811981 153.888733 277.865875
145 12 927.181885 395.101227 102.383667 216.105072
145 13 602.343140 291.191101 71.146301 202.773407
145 14 -1.000000 -1.000000 -1.000000 -1.000000
145 15 -1.000000 -1.000000 -1.000000 -1.000000
146 1 1010.080688 382.988251 106.636475 266.762421
146 2 799.774841 829.790161 112.894775 249.345459
146 3 1136.586304 536.485657 133.339355 331.852478
146 4 465.829834 564.785706 95.650269 345.582397
146 5 559.476685 373.985748 98.117188 244.763214
146 6 1425.430176 596.443604 103.932373 322.681213
146 7 1245.685669 343.112854 107.345093 214.120972
146 8 460.782562 580.698914 108.899139 284.613831
146 9 1632.993530 359.607269 107.556152 224.727814
146 10 319.203888 332.785065 70.413666 227.789764
146 11 815.885193 407.899506 149.723511 278.131195
146 12 928.138245 391.228485 104.650330 219.741547
146 13 599.782532 291.039825 72.052368 201.410583
146 14 -1.000000 -1.000000 -1.000000 -1.000000
146 15 -1.000000 -1.000000 -1.000000 -1.000000
147 1 1008.837952 380.833069 104.789612 267.471191
147 2 796.060974 830.195862 112.924744 249.008362
147 3 1137.032715 539.572815 129.068604 328.963928
147 4 465.622284 563.321716 94.762115 346.092407
147 5 558.705933 374.461761 100.063904 244.217316
147 6 1423.311523 597.513123 102.327393 321.723877
147 7 1244.476807 343.414185 110.506348 214.882935
147 8 458.494904 583.162537 108.687958 282.250122
147 9 1632.144287 359.831482 113.447632 225.540466
147 10 317.341858 331.768433 70.630371 228.852112
147 11 814.278503 406.289581 143.689636 279.342072
147 12 929.905640 386.743500 106.810181 224.105316
147 13 597.347046 291.147064 72.713806 198.744171
147 14 -1.000000 -1.000000 -1.000000 -1.000000
147 15 -1.000000 -1.000000 -1.000000 -1.000000
148 1 1007.717712 378.814453 102.772156 267.851135
148 2 792.523438 830.597412 112.673157 248.668701
148 3 1137.637573 542.393982 124.264160 326.221252
148 4 465.716736 561.849548 93.748901 346.353943
148 5 558.277100 374.856964 101.987183 243.662201
148 6 1420.258301 598.676697 102.122925 320.863586
148 7 1243.236694 343.692291 113.677490 215.256439
148 8 456.015198 585.543945 108.877136 279.790894
148 9 1631.269653 360.236023 118.576782 226.041565
148 10 315.542267 330.546204 71.186310 230.147095
148 11 812.863892 404.364227 136.008850 281.097076
148 12 932.217590 382.767975 107.612122 228.124542
148 13 595.072571 291.298584 73.090515 194.836456
148 14 -1.000000 -1.000000 -1.000000 -1.000000
148 15 -1.000000 -1.000000 -1.000000 -1.000000
149 1 1006.636536 377.039246 100.504822 267.803467
149 2 789.146729 831.005066 112.179993 248.307678
149 3 1138.071045 544.810547 118.932739 323.883972
149 4 466.200134 560.455994 92.592468 346.411743
149 5 558.157898 374.960571 103.774414 243.331909
149 6 1416.439575 599.889893 103.220581 320.107849
149 7 1241.961182 343.727722 116.986084 215.453003
149 8 453.345154 587.694336 109.180115 277.622009
149 9 1630.411743 360.739624 122.598999 226.207886
149 10 313.785339 329.352203 71.949402 231.457428
149 11 811.575439 402.284576 126.964722 283.081818
149 12 934.876953 379.818970 107.400879 231.327026
149 13 592.902954 291.332336 73.186035 189.563721
149 14 -1.000000 -1.000000 -1.000000 -1.000000
149 15 -1.000000 -1.000000 -1.000000 -1.000000
150 1 1005.306091 375.655548 98.233826 267.265045
150 2 785.928833 831.406860 111.474426 247.939941
150 3 1138.254761 546.725830 113.280273 322.077271
150 4 466.933228 559.139404 91.209839 346.289429
150 5 558.331482 374.581268 105.051697 243.427521
150 6 1412.113159 601.133728 105.387573 319.465271
150 7 1240.721436 343.359741 120.161743 215.654053
150 8 450.647766 588.935608 108.108521 276.481750
150 9 1629.635132 361.300507 125.346558 226.095856
150 10 312.095276 328.357239 72.719360 232.619324
150 11 810.296021 400.211060 117.031494 285.088928
150 12 937.597412 377.852936 106.275513 233.743744
150 13 590.736084 290.978699 73.112671 183.493896
150 14 -1.000000 -1.000000 -1.000000 -1.000000
150 15 -1.000000 -1.000000 -1.000000 -1.000000
151 1 1003.657776 374.460205 96.149109 266.500549
151 2 782.788086 831.813721 110.623962 247.553467
151 3 1138.011475 548.069580 107.412109 320.874878
151 4 467.908905 557.921692 89.624786 345.937317
151 5 558.756104 373.712860 105.628662 243.935394
151 6 1407.583496 602.386169 108.260498 318.950684
151 7 1239.623291 342.578247 123.011719 216.086304
151 8 448.009369 590.230164 105.143280 275.576172
151 9 1629.071167 361.894501 126.772827 225.756378
151 10 310.432678 327.611786 73.550537 233.548248
151 11 808.976501 398.371674 106.865967 286.755219
151 12 939.791870 376.959595 104.823120 235.226746
151 13 588.510193 290.299194 72.978333 176.886688
151 14 -1.000000 -1.000000 -1.000000 -1.000000
151 15 -1.000000 -1.000000 -1.000000 -1.000000
152 1 1001.858154 373.469849 94.111694 265.513794
152 2 779.672791 832.239624 109.771118 247.140991
152 3 1137.328979 548.816101 101.490356 320.289124
152 4 468.967560 556.855286 88.111237 345.329041
152 5 559.507446 372.475647 105.433838 244.609436
152 6 1402.926758 603.617249 111.659302 318.576721
152 7 1238.911865 341.303497 125.143921 217.009125
152 8 445.523560 592.542542 100.155457 273.701294
152 9 1628.946289 362.441528 126.901611 225.303833
152 10 308.888855 327.132233 74.266541 234.192535
152 11 807.285889 397.202423 97.565063 287.597321
152 12 941.171631 376.941010 103.448486 235.823578
152 13 586.178528 289.546112 72.963318 169.936523
152 14 -1.000000 -1.000000 -1.000000 -1.000000
152 15 -1.000000 -1.000000 -1.000000 -1.000000
153 1 1000.038635 372.721466 92.053040 264.322540
153 2 776.529602 832.681946 109.054626 246.713440
153 3 1136.317505 548.988403 95.902832 320.275330
153 4 470.011261 555.943787 87.072357 344.491455
153 5 560.589111 370.997803 104.511841 245.189758
153 6 1398.199463 604.848572 115.444946 318.327087
153 7 1238.786011 339.426056 126.298462 218.620392
153 8 443.236969 593.901917 93.554291 272.811829
153 9 1629.409424 362.820679 125.858398 224.938904
153 10 307.431213 327.010803 74.740723 234.444031
153 11 804.758118 396.522949 90.206421 287.797302
153 12 941.608643 377.287781 102.824463 235.952271
153 13 583.869080 288.885010 73.079834 163.021759
153 14 -1.000000 -1.000000 -1.000000 -1.000000
153 15 -1.000000 -1.000000 -1.000000 -1.000000
154 1 998.303040 372.179504 90.074646 263.012146
154 2 773.317566 833.152100 108.510498 246.267456
154 3 1135.033813 548.607971 91.075195 320.772156
154 4 470.724365 555.190979 87.020996 343.459656
154 5 562.120239 369.426941 102.674500 245.441528
154 6 1393.490723 606.105042 119.461548 318.194824
154 7 1239.395386 336.956421 126.278931 220.925903
154 8 441.129181 593.432373 85.698578 273.660522
154 9 1630.598145 363.078186 123.778931 224.643982
154 10 306.125854 327.179871 74.970551 234.358154
154 11 800.990356 396.188812 85.494751 287.676117
154 12 941.118164 377.709015 103.011719 235.905182
154 13 581.662720 288.346222 73.430481 156.794739
154 14 -1.000000 -1.000000 -1.000000 -1.000000
154 15 -1.000000 -1.000000 -1.000000 -1.000000
155 1 997.067139 371.658417 87.879395 261.793854
155 2 769.963684 833.634521 108.157898 245.816650
155 3 1133.497681 547.726135 87.351196 321.683350
155 4 471.200684 554.627686 88.046265 342.315674
155 5 564.240173 367.853882 100.125671 245.183533
155 6 1388.831055 607.355225 123.696289 318.205505
155 7 1240.792603 334.145782 124.580200 223.717682
155 8 439.140686 591.207581 79.223389 276.220276
155 9 1632.880981 363.140015 120.527344 224.464355
155 10 304.993988 327.485474 74.974548 234.080261
155 11 795.596863 396.117035 83.957275 287.310150
155 12 939.877258 377.921967 104.321716 236.018524
155 13 579.633240 287.946747 74.029053 151.552582
155 14 -1.000000 -1.000000 -1.000000 -1.000000
155 15 -1.000000 -1.000000 -1.000000 -1.000000
156 1 996.421814 371.335358 85.309143 260.504059
156 2 766.457825 834.129517 108.013794 245.354126
156 3 1131.799683 546.419861 84.812988 322.863708
156 4 471.409332 554.263184 90.069611 341.176453
156 5 567.044250 366.345062 97.053528 244.322906
156 6 1384.225098 608.552612 128.190674 318.388855
156 7 1242.831543 331.270416 121.210571 226.605927
156 8 437.207306 587.196350 74.804779 280.459045
156 9 1636.484253 362.905487 116.017212 224.508331
156 10 304.013947 327.824005 74.803253 233.739410
156 11 788.148010 396.254913 85.864868 286.856232
156 12 938.239929 377.968903 106.171692 236.232941
156 13 577.876953 287.719910 74.878967 147.588470
156 14 -1.000000 -1.000000 -1.000000 -1.000000
156 15 -1.000000 -1.000000 -1.000000 -1.000000
157 1 996.141418 371.118347 82.635559 259.266663
157 2 762.732544 834.624939 108.111206 244.902161
157 3 1129.989990 544.770081 83.368042 324.115540
157 4 471.331573 554.098022 92.912689 340.154175
157 5 570.298096 364.898529 93.790710 242.966217
157 6 1379.801514 609.648315 132.842285 318.786987
157 7 1245.092041 328.785095 116.859375 229.034119
157 8 435.317505 581.235413 72.565887 286.639832
157 9 1641.426270 362.428345 110.264893 224.744385
157 10 303.067963 328.132965 74.644348 233.438995
157 11 778.811218 396.443085 90.530823 286.561554
157 12 936.527283 377.612427 108.500427 236.935852
157 13 576.456238 287.589142 75.831543 145.017242
157 14 -1.000000 -1.000000 -1.000000 -1.000000
157 15 -1.000000 -1.000000 -1.000000 -1.000000
158 1 996.053650 370.697754 80.079285 258.390259
158 2 758.796997 835.120300 108.397522 244.445618
158 3 1128.062134 542.854065 82.764282 325.222534
158 4 470.962280 554.154114 96.296997 339.312134
158 5 573.826172 363.441528 90.856995 241.444824
158 6 1375.764771 610.567078 137.416016 319.416138
158 7 1247.218018 327.189453 112.353027 230.472412
158 8 433.457886 575.343201 72.183960 292.747681
158 9 1647.676880 361.786255 103.285767 225.154419
158 10 302.132233 328.315033 74.595367 233.275299
158 11 768.246277 396.940277 96.628540 286.156219
158 12 935.906128 376.670990 110.791016 238.528107
158 13 575.329773 287.467133 76.807312 143.653564
158 14 -1.000000 -1.000000 -1.000000 -1.000000
158 15 -1.000000 -1.000000 -1.000000 -1.000000
159 1 996.040588 369.723236 77.696228 257.537689
159 2 754.682739 835.630005 108.823975 243.968018
159 3 1126.005005 540.745789 82.800659 326.007751
159 4 470.394501 554.421692 99.648407 338.624146
159 5 577.363037 361.968933 88.984070 239.965698
159 6 1372.186279 611.226318 141.673096 320.271484
159 7 1248.898438 326.778564 108.086060 230.629578
159 8 431.704742 570.536438 73.305328 297.807556
159 9 1655.066284 361.036865 95.320923 225.744507
159 10 301.162842 328.378876 74.733032 233.257965
159 11 757.107788 397.802673 103.252014 285.475891
159 12 936.148438 375.017944 113.164551 241.215515
159 13 574.559998 287.372833 77.575317 143.072418
159 14 -1.000000 -1.000000 -1.000000 -1.000000
159 15 -1.000000 -1.000000 -1.000000 -1.000000
160 1 995.812927 367.963074 75.724792 256.222168
160 2 750.425476 836.195312 109.370605 243.425415
160 3 1123.851929 538.485291 83.223633 326.369324
160 4 469.359741 554.849670 102.873962 338.024170
160 5 580.584534 360.525269 88.214661 238.724976
160 6 1369.153320 611.571777 145.187744 321.324402
160 7 1249.877197 327.447479 105.190063 229.604950
160 8 430.141815 567.117920 74.542633 301.495239
160 9 1662.831787 360.279510 87.174316 226.448212
160 10 300.117828 328.392731 75.077423 233.325714
160 11 746.117432 398.912994 109.640442 284.679047
160 12 937.282043 372.817749 115.089539 244.740540
160 13 -1.000000 -1.000000 -1.000000 -1.000000
160 14 -1.000000 -1.000000 -1.000000 -1.000000
160 15 -1.000000 -1.000000 -1.000000 -1.000000
161 1 995.239563 365.087280 74.281433 254.039551
161 2 746.049927 836.797729 109.979675 242.843262
161 3 1121.636963 536.091248 83.841431 326.264526
161 4 467.802185 555.388489 106.055420 337.488770
161 5 583.215454 359.099060 88.242615 237.981140
161 6 1366.617310 611.557922 147.609131 322.519165
161 7 1250.054199 328.952728 104.204956 227.714325
161 8 428.857147 564.829285 75.536621 304.086609
161 9 1670.375488 359.657990 79.632202 227.102142
161 10 299.022369 328.413696 75.569305 233.393433
161 11 736.059143 400.201721 115.162781 283.818359
161 12 939.382019 369.851532 116.828064 249.444672
161 13 -1.000000 -1.000000 -1.000000 -1.000000
161 14 -1.000000 -1.000000 -1.000000 -1.000000
161 15 -1.000000 -1.000000 -1.000000 -1.000000
162 1 994.375549 360.949005 73.241638 250.433197
162 2 741.616455 837.413147 110.577515 242.223938
162 3 1119.365601 533.560547 84.596802 325.763428
162 4 465.748901 555.946960 109.338684 336.981506
162 5 585.208374 357.665100 88.678406 237.929688
162 6 1364.498535 611.132263 148.702759 323.845886
162 7 1249.555786 330.600006 104.840332 225.750885
162 8 427.792480 563.596252 76.280121 305.610229
162 9 1677.238037 359.094482 73.349854 227.751648
162 10 297.935394 328.450134 76.105255 233.419678
162 11 727.439209 401.547974 119.737854 282.920471
162 12 942.603149 366.746948 117.557373 254.532349
162 13 -1.000000 -1.000000 -1.000000 -1.000000
162 14 -1.000000 -1.000000 -1.000000 -1.000000
162 15 -1.000000 -1.000000 -1.000000 -1.000000
163 1 993.268860 355.636566 72.439392 244.611176
163 2 737.100769 838.024170 111.211670 241.595581
163 3 1117.023438 530.913086 85.608521 324.954956
163 4 463.198761 556.419434 112.894073 336.499390
163 5 586.515381 356.354736 88.989319 238.351440
163 6 1362.547119 610.279236 148.418823 325.317749
163 7 1248.503296 332.158508 106.325195 223.948792
163 8 426.857330 562.860352 76.891174 306.578186
163 9 1683.071167 358.603912 68.994629 228.329254
163 10 296.882172 328.492920 76.576263 233.413025
163 11 720.400146 402.483124 123.629700 282.442352
163 12 945.367004 364.018616 117.971619 259.127502
163 13 -1.000000 -1.000000 -1.000000 -1.000000
163 14 -1.000000 -1.000000 -1.000000 -1.000000
163 15 -1.000000 -1.000000 -1.000000 -1.000000
164 1 991.959290 349.451355 71.805237 236.936340
164 2 732.447083 838.581604 111.971985 241.007263
164 3 1114.647949 528.227112 86.830322 323.840088
164 4 460.249481 556.721313 116.898468 336.122498
164 5 587.183777 355.217743 88.743042 238.995880
164 6 1360.566040 609.031006 146.860474 326.896973
164 7 1247.043701 333.470581 108.383545 222.535278
164 8 425.822845 562.312683 77.613129 307.288513
164 9 1687.777466 358.124176 66.781128 228.845306
164 10 295.903595 328.492401 76.899994 233.405975
164 11 714.901001 402.972931 126.948242 282.409393
164 12 948.770020 361.980988 116.847656 262.708649
164 13 -1.000000 -1.000000 -1.000000 -1.000000
164 14 -1.000000 -1.000000 -1.000000 -1.000000
164 15 -1.000000 -1.000000 -1.000000 -1.000000
165 1 990.512756 342.680389 71.255676 227.798248
165 2 727.674622 839.033386 112.896851 240.519958
165 3 1112.220337 525.617126 88.261230 322.368103
165 4 457.283997 556.837097 121.156067 335.887695
165 5 587.367004 354.251465 88.004395 239.777344
165 6 1358.374390 607.474854 144.291016 328.505066
165 7 1245.361084 334.410919 110.786011 221.640350
165 8 424.380219 561.865112 78.678802 307.833679
165 9 1691.634277 357.636017 66.581543 229.325348
165 10 295.033356 328.425232 77.057098 233.417664
165 11 710.840027 403.284760 129.665161 282.517609
165 12 953.095520 360.663391 114.094788 265.221497
165 13 -1.000000 -1.000000 -1.000000 -1.000000
165 14 -1.000000 -1.000000 -1.000000 -1.000000
165 15 -1.000000 -1.000000 -1.000000 -1.000000
166 1 989.002808 335.584625 70.714355 217.632538
166 2 722.771118 839.387268 114.063110 240.126160
166 3 1109.778442 523.207336 89.792114 320.481689
166 4 454.443298 556.748474 125.426514 335.819153
166 5 587.237122 353.492432 87.478821 240.470764
166 6 1355.908081 605.763550 140.978760 330.076599
166 7 1243.670532 334.973206 113.230103 221.286865
166 8 422.240204 561.499146 80.291351 308.229370
166 9 1694.769165 357.136841 68.009277 229.771423
166 10 294.257202 328.301178 77.039886 233.455719
166 11 708.010986 403.400482 131.773071 282.716034
166 12 958.345581 360.321075 109.632446 266.282745
166 13 -1.000000 -1.000000 -1.000000 -1.000000
166 14 -1.000000 -1.000000 -1.000000 -1.000000
166 15 -1.000000 -1.000000 -1.000000 -1.000000
167 1 987.480957 328.362488 70.147339 206.915588
167 2 717.770203 839.651306 115.426392 239.830017
167 3 1107.400269 521.154175 91.247192 318.078491
167 4 451.829681 556.480103 129.333344 335.917358
167 5 586.949036 352.983398 87.821350 240.859924
167 6 1353.169312 604.096558 137.074097 331.533386
167 7 1242.108521 335.785461 115.414551 220.787292
167 8 419.214355 561.179199 82.704987 308.585144
167 9 1697.345215 356.815216 70.669434 230.037506
167 10 293.589569 328.162445 76.840240 233.494049
167 11 706.150452 403.166016 133.220337 283.185974
167 12 964.046143 360.669617 104.449829 266.253906
167 13 -1.000000 -1.000000 -1.000000 -1.000000
167 14 -1.000000 -1.000000 -1.000000 -1.000000
167 15 -1.000000 -1.000000 -1.000000 -1.000000
168 1 986.097778 321.354034 69.545654 196.484406
168 2 712.738342 839.841125 116.899597 239.618347
168 3 1105.134888 519.571838 92.500000 315.162903
168 4 449.530609 556.097290 132.555450 336.147522
168 5 586.660706 352.686218 89.453674 240.991821
168 6 1350.171143 602.671631 132.901733 332.810852
168 7 1240.781738 336.797729 117.394897 220.191895
168 8 415.277557 560.868103 85.978485 308.985779
168 9 1699.512085 356.720276 74.023193 230.104492
168 10 293.003754 328.019653 76.577362 233.533081
168 11 704.989136 402.819244 133.999146 283.676788
168 12 970.452759 361.426788 98.894409 265.601288
168 13 -1.000000 -1.000000 -1.000000 -1.000000
168 14 -1.000000 -1.000000 -1.000000 -1.000000
168 15 -1.000000 -1.000000 -1.000000 -1.000000
169 1 984.991882 314.772858 68.874573 186.624664
169 2 707.764221 839.975403 118.354858 239.470642
169 3 1103.021484 518.518677 93.486938 311.922241
169 4 447.525452 555.667297 134.979126 336.428650
169 5 586.477844 352.614594 92.387085 240.982269
169 6 1347.061646 601.646484 128.703369 333.939575
169 7 1239.743896 337.941406 119.097656 219.511902
169 8 410.569733 560.597595 90.022125 309.406189
169 9 1701.317383 357.003326 77.667358 229.849274
169 10 292.425476 327.899689 76.379669 233.568024
169 11 704.346497 402.552032 134.075562 284.016815
169 12 976.370850 362.380432 93.662842 264.520691
169 13 -1.000000 -1.000000 -1.000000 -1.000000
169 14 -1.000000 -1.000000 -1.000000 -1.000000
169 15 -1.000000 -1.000000 -1.000000 -1.000000
170 1 984.149963 308.874359 68.188171 177.812225
170 2 702.868958 840.046448 119.694275 239.382507
170 3 1101.157104 518.005493 94.122070 308.605713
170 4 445.606415 555.210693 136.761566 336.738281
170 5 586.386230 352.825836 96.518555 240.727448
170 6 1343.957886 601.168823 124.757202 334.979248
170 7 1239.011841 339.243805 120.223022 218.699371
170 8 405.331726 560.359131 94.654388 309.851318
170 9 1702.781128 358.027527 81.174805 228.894592
170 10 291.798615 327.811279 76.353058 233.591553
170 11 704.045105 402.095673 133.433533 284.490631
170 12 981.139893 363.413055 89.275269 263.202972
170 13 -1.000000 -1.000000 -1.000000 -1.000000
170 14 -1.000000 -1.000000 -1.000000 -1.000000
170 15 -1.000000 -1.000000 -1.000000 -1.000000
171 1 983.594849 303.939667 67.500488 170.521393
171 2 698.101501 840.033020 120.817749 239.376526
171 3 1099.511108 518.005981 94.475830 305.454651
171 4 443.771179 554.768494 137.961304 337.025635
171 5 586.375732 353.303253 101.061951 240.239471
171 6 1340.999390 601.321533 121.262207 335.906616
171 7 1238.572876 340.616791 120.564697 217.762909
171 8 399.872589 560.109131 99.617249 310.324036
171 9 1703.984741 359.397400 84.332764 227.642090
171 10 291.144165 327.742310 76.563507 233.619385
171 11 703.966919 401.464111 131.970520 285.117676
171 12 984.367798 364.238586 85.977295 262.014832
171 13 -1.000000 -1.000000 -1.000000 -1.000000
171 14 -1.000000 -1.000000 -1.000000 -1.000000
171 15 -1.000000 -1.000000 -1.000000 -1.000000
172 1 983.412231 300.261505 66.783081 165.182037
172 2 693.475586 839.942932 121.768433 239.448792
172 3 1097.896362 518.428162 94.793457 302.763733
172 4 442.293396 554.383972 138.440979 337.264160
172 5 586.449280 353.944305 105.304199 239.624481
172 6 1338.183716 602.119934 118.566406 336.710754
172 7 1238.377441 341.690857 120.502686 217.061401
172 8 394.555084 559.825012 104.361267 310.699524
172 9 1704.987305 361.046234 86.972168 226.119965
172 10 290.413147 327.639832 77.063324 233.703186
172 11 704.014832 401.022980 129.678040 285.514679
172 12 986.148682 364.721497 83.293701 261.106018
172 13 -1.000000 -1.000000 -1.000000 -1.000000
172 14 -1.000000 -1.000000 -1.000000 -1.000000
172 15 -1.000000 -1.000000 -1.000000 -1.000000
173 1 983.435547 297.719666 66.096436 161.686707
173 2 689.006653 839.764893 122.574768 239.605713
173 3 1096.112427 519.176880 95.292603 300.665283
173 4 441.413330 554.058716 138.074707 337.451599
173 5 586.629944 354.673767 108.796265 238.885498
173 6 1335.593994 603.529175 116.673096 337.389526
173 7 1238.361816 342.423431 120.266602 216.613983
173 8 389.597076 559.486938 108.650024 310.918030
173 9 1705.872681 362.949036 88.955566 224.311279
173 10 289.571686 327.472473 77.798584 233.866394
173 11 704.157898 400.832642 126.656738 285.632935
173 12 986.750183 364.812561 80.562805 260.552063
173 13 -1.000000 -1.000000 -1.000000 -1.000000
173 14 -1.000000 -1.000000 -1.000000 -1.000000
173 15 -1.000000 -1.000000 -1.000000 -1.000000
174 1 983.448425 296.175812 65.532288 159.892517
174 2 684.735352 839.507202 123.278992 239.844727
174 3 1093.907104 520.132385 96.266479 299.099548
174 4 441.240936 553.763428 136.781952 337.640503
174 5 586.936951 355.393982 111.444946 238.027161
174 6 1333.125488 605.494446 115.507812 337.868958
174 7 1238.505371 342.851624 119.929077 216.378601
174 8 385.156525 559.043579 112.373505 310.968994
174 9 1706.736206 364.708618 90.274292 222.591064
174 10 288.656372 327.222778 78.674408 234.104614
174 11 704.379944 400.612091 123.110352 285.761322
174 12 986.503845 364.515320 78.739685 260.600403
174 13 -1.000000 -1.000000 -1.000000 -1.000000
174 14 -1.000000 -1.000000 -1.000000 -1.000000
174 15 -1.000000 -1.000000 -1.000000 -1.000000
175 1 983.538208 295.408051 65.005615 159.276428
175 2 680.710449 839.209473 123.940735 240.133179
175 3 1090.994873 521.188599 97.981689 297.961548
175 4 441.553864 553.506775 134.840057 337.828125
175 5 587.423950 355.896820 113.288452 237.242157
175 6 1330.676392 607.864075 114.958252 338.127930
175 7 1238.725586 343.147827 119.619019 216.184753
175 8 381.333954 558.468323 115.414062 310.648254
175 9 1707.679810 365.465546 91.008301 221.837921
175 10 287.693115 326.895111 79.597382 234.420624
175 11 704.660889 400.520447 119.384399 285.742676
175 12 985.734375 363.903412 77.815186 261.162689
175 13 -1.000000 -1.000000 -1.000000 -1.000000
175 14 -1.000000 -1.000000 -1.000000 -1.000000
175 15 -1.000000 -1.000000 -1.000000 -1.000000
176 1 983.720276 295.143036 64.510681 159.318634
176 2 676.959534 838.908142 124.598938 240.432068
176 3 1087.258423 522.255371 100.573730 297.142029
176 4 442.058441 553.312866 132.584808 338.017517
176 5 588.096680 356.184723 114.620056 236.568329
176 6 1328.067871 610.472290 114.950562 338.318909
176 7 1238.965088 343.570831 119.479980 215.801788
176 8 378.112732 557.762756 117.876740 309.603271
176 9 1708.864868 365.817200 91.141357 221.492371
176 10 286.748718 326.513611 80.433167 234.780396
176 11 704.955444 401.004852 115.942566 285.163544
176 12 984.679077 363.175293 77.682373 261.983093
176 13 -1.000000 -1.000000 -1.000000 -1.000000
176 14 -1.000000 -1.000000 -1.000000 -1.000000
176 15 -1.000000 -1.000000 -1.000000 -1.000000
177 1 983.883911 295.084290 64.127441 159.587921
177 2 673.506165 838.629211 125.231873 240.707458
177 3 1082.796753 523.277954 103.982910 296.463745
177 4 442.393860 553.171021 130.389160 338.194519
177 5 588.986389 356.365601 115.512085 235.912964
177 6 1325.241943 613.167908 115.314453 338.478271
177 7 1239.217529 344.380676 119.365356 215.000000
177 8 375.410339 556.933350 120.003967 307.722107
177 9 1710.407959 365.725464 90.661499 221.653442
177 10 285.899750 326.119263 81.094849 235.131897
177 11 705.219238 402.047363 113.054688 284.076965
177 12 983.474365 362.415894 78.428955 262.952271
177 13 -1.000000 -1.000000 -1.000000 -1.000000
177 14 -1.000000 -1.000000 -1.000000 -1.000000
177 15 -1.000000 -1.000000 -1.000000 -1.000000
178 1 -1.000000 -1.000000 -1.000000 -1.000000
178 2 670.365662 838.404175 125.778381 240.927246
178 3 1077.814697 524.165161 108.043091 295.875549
178 4 441.625916 553.105957 129.264893 338.342041
178 5 590.165161 356.478851 115.941895 235.281219
178 6 1322.103516 615.784607 116.092041 338.704407
178 7 1239.489136 345.625580 119.192261 213.761200
178 8 373.217896 556.014160 121.769592 304.977112
178 9 1712.393921 365.162262 89.619385 222.437653
178 10 285.280304 325.746674 81.496399 235.433258
178 11 705.423767 403.540527 110.776917 282.625366
178 12 982.219177 361.681641 80.105286 263.971741
178 13 -1.000000 -1.000000 -1.000000 -1.000000
178 14 -1.000000 -1.000000 -1.000000 -1.000000
178 15 -1.000000 -1.000000 -1.000000 -1.000000
179 1 -1.000000 -1.000000 -1.000000 -1.000000
179 2 667.507202 838.255859 126.209473 241.063843
179 3 1072.567749 524.842407 112.488281 295.424072
179 4 439.379456 553.166931 129.755981 338.397522
179 5 591.719177 356.565063 115.783875 234.659424
179 6 1318.578491 618.171570 117.494385 339.144287
179 7 1239.748535 347.247009 119.037842 212.135681
179 8 371.481537 555.065674 123.050110 301.372864
179 9 1714.862915 364.544281 88.041870 223.459442
179 10 284.978973 325.416809 81.576630 235.677429
179 11 705.566040 405.349670 109.010193 280.955688
179 12 980.984802 361.005249 81.853943 264.879089
179 13 -1.000000 -1.000000 -1.000000 -1.000000
179 14 -1.000000 -1.000000 -1.000000 -1.000000
179 15 -1.000000 -1.000000 -1.000000 -1.000000
180 1 -1.000000 -1.000000 -1.000000 -1.000000
180 2 664.925537 838.188904 126.487305 241.109558
180 3 1067.411621 525.329651 117.027222 295.082581
180 4 436.225952 553.363281 131.393372 338.339844
180 5 593.730469 356.755524 114.771240 233.856049
180 6 1314.615479 620.251892 119.653931 339.883972
180 7 1240.015259 348.991882 118.871704 210.410706
180 8 370.150879 554.132324 123.898987 297.324036
180 9 1717.806396 364.432587 85.898682 224.142426
180 10 285.053131 325.149567 81.282654 235.847076
180 11 705.668640 407.272339 107.490356 279.260864
180 12 979.780762 360.398895 83.456543 265.650726
180 13 -1.000000 -1.000000 -1.000000 -1.000000
180 14 -1.000000 -1.000000 -1.000000 -1.000000
180 15 -1.000000 -1.000000 -1.000000 -1.000000
181 1 -1.000000 -1.000000 -1.000000 -1.000000
181 2 662.632324 838.208862 126.570312 241.062256
181 3 1062.622925 525.784729 121.368286 294.687927
181 4 432.783844 553.623901 133.661591 338.211548
181 5 596.303650 356.958374 112.773071 232.780273
181 6 1310.230225 621.982666 122.661499 340.823792
181 7 1240.288696 350.597778 118.758667 208.864319
181 8 369.217255 553.245850 124.420654 293.817749
181 9 1721.103638 364.644196 83.296265 224.657440
181 10 285.367981 324.930084 80.758148 235.967255
181 11 705.768616 408.575195 105.908691 278.227173
181 12 978.643799 359.864716 84.766479 266.322174
181 13 -1.000000 -1.000000 -1.000000 -1.000000
181 14 -1.000000 -1.000000 -1.000000 -1.000000
181 15 -1.000000 -1.000000 -1.000000 -1.000000
182 1 -1.000000 -1.000000 -1.000000 -1.000000
182 2 660.578674 838.299438 126.487061 240.940674
182 3 1058.379395 525.868835 125.331299 294.614014
182 4 429.071198 553.888245 136.655121 338.088440
182 5 599.486572 357.032928 109.905701 231.522003
182 6 1305.449951 623.387390 126.502563 341.933228
182 7 1240.563843 351.792542 118.760864 207.754822
182 8 368.675446 553.129395 124.594879 290.622070
182 9 1724.547974 364.946503 80.480225 225.231476
182 10 285.845001 324.747192 80.095978 236.053162
182 11 705.860474 408.765350 104.118164 278.307404
182 12 977.508179 359.459229 85.835083 266.849792
182 13 -1.000000 -1.000000 -1.000000 -1.000000
182 14 -1.000000 -1.000000 -1.000000 -1.000000
182 15 -1.000000 -1.000000 -1.000000 -1.000000
183 1 -1.000000 -1.000000 -1.000000 -1.000000
183 2 658.700623 838.441772 126.339661 240.756592
183 3 1054.813599 525.877869 128.752808 294.579102
183 4 426.035461 554.065063 139.429626 338.032043
183 5 603.196411 356.918671 106.412598 230.105011
183 6 1300.402954 624.561279 130.885986 343.044983
183 7 1240.828613 352.533173 118.933594 207.119904
183 8 368.439056 553.837891 124.775665 287.874268
183 9 1727.993896 365.265015 77.609375 225.880676
183 10 286.388123 324.599213 79.383728 236.087738
183 11 705.892578 407.770050 102.122498 279.487152
183 12 976.290161 359.209930 86.767334 267.204742
183 13 -1.000000 -1.000000 -1.000000 -1.000000
183 14 -1.000000 -1.000000 -1.000000 -1.000000
183 15 -1.000000 -1.000000 -1.000000 -1.000000
184 1 -1.000000 -1.000000 -1.000000 -1.000000
184 2 656.985962 838.632751 126.160156 240.512390
184 3 1052.045410 525.775146 131.545166 294.626221
184 4 424.278046 554.102539 141.281708 338.065796
184 5 607.278931 356.564148 102.626465 228.630188
184 6 1295.345947 625.602600 135.255249 343.971130
184 7 1241.117432 352.841949 119.244019 206.964996
184 8 368.467987 555.359253 125.415527 285.634033
184 9 1731.334106 365.402710 74.810913 226.780640
184 10 286.914185 324.479767 78.691376 236.043854
184 11 705.825562 405.965576 99.994385 281.351501
184 12 974.977783 359.120514 87.775757 267.429718
184 13 -1.000000 -1.000000 -1.000000 -1.000000
184 14 -1.000000 -1.000000 -1.000000 -1.000000
184 15 -1.000000 -1.000000 -1.000000 -1.000000
185 1 -1.000000 -1.000000 -1.000000 -1.000000
185 2 655.363464 838.868042 125.998413 240.212280
185 3 1050.063721 525.413879 133.704956 294.878540
185 4 423.684753 553.881653 142.274902 338.291565
185 5 611.671143 355.896149 98.834351 227.354767
185 6 1290.497803 626.614807 139.089355 344.541809
185 7 1241.477661 352.860107 119.641968 207.119324
185 8 368.759918 557.979187 126.720703 283.320862
185 9 1734.544312 365.394806 72.216919 227.904266
185 10 287.382721 324.365875 78.071777 235.907928
185 11 705.646606 403.580261 97.875671 283.654358
185 12 973.537476 359.185211 89.022461 267.541718
185 13 -1.000000 -1.000000 -1.000000 -1.000000
185 14 -1.000000 -1.000000 -1.000000 -1.000000
185 15 -1.000000 -1.000000 -1.000000 -1.000000
186 1 -1.000000 -1.000000 -1.000000 -1.000000
186 2 653.761902 839.139282 125.912170 239.862061
186 3 1048.820190 524.429443 135.275146 295.688354
186 4 423.787292 553.453003 142.790588 338.625549
186 5 616.370972 354.999481 95.128174 226.477020
186 6 1286.040161 627.664185 141.876953 344.734436
186 7 1241.921753 352.709595 120.065796 207.435425
186 8 369.368744 561.263550 128.351715 280.494019
186 9 1737.661987 365.231567 69.849976 229.271973
186 10 287.817078 324.243622 77.483734 235.686188
186 11 705.375061 400.841522 95.879211 286.204742
186 12 971.900146 359.363434 90.667725 267.528351
186 13 -1.000000 -1.000000 -1.000000 -1.000000
186 14 -1.000000 -1.000000 -1.000000 -1.000000
186 15 -1.000000 -1.000000 -1.000000 -1.000000
187 1 -1.000000 -1.000000 -1.000000 -1.000000
187 2 652.196228 839.438599 125.882629 239.480835
187 3 1048.237671 523.777039 136.133667 296.066589
187 4 424.190125 552.949524 143.121826 338.864868
187 5 621.242371 354.047577 91.716431 225.943939
187 6 1282.053101 628.717224 143.272461 344.612915
187 7 1242.435791 352.511017 120.486572 207.776276
187 8 370.272705 563.455994 130.416504 278.536804
187 9 1740.811523 365.189758 67.602783 230.575256
187 10 288.249939 324.097992 76.864532 235.369965
187 11 705.113647 398.113434 94.046631 288.627228
187 12 970.067993 359.612946 92.743286 267.415070
187 13 -1.000000 -1.000000 -1.000000 -1.000000
187 14 -1.000000 -1.000000 -1.000000 -1.000000
187 15 -1.000000 -1.000000 -1.000000 -1.000000
188 1 -1.000000 -1.000000 -1.000000 -1.000000
188 2 650.679382 839.750549 125.866272 239.099548
188 3 1048.217651 523.088318 136.088745 296.339539
188 4 424.597717 552.422852 143.497864 338.909546
188 5 626.200073 353.120636 88.614563 225.774139
188 6 1278.522095 629.697266 143.166016 344.329407
188 7 1243.056152 352.284821 120.866577 208.113373
188 8 371.455811 564.296021 132.662964 277.467468
188 9 1743.997681 365.341156 65.528687 231.758148
188 10 288.669128 323.911652 76.279449 234.997589
188 11 704.993713 395.574554 92.424805 290.823761
188 12 968.059326 359.956665 95.238892 267.197327
188 13 -1.000000 -1.000000 -1.000000 -1.000000
188 14 1078.716553 392.562866 135.984009 202.661621
188 15 -1.000000 -1.000000 -1.000000 -1.000000
189 1 -1.000000 -1.000000 -1.000000 -1.000000
189 2 649.165649 840.038025 125.847534 238.757629
189 3 1048.584351 522.482666 134.895020 296.361145
189 4 424.536499 551.827576 144.274353 338.773926
189 5 631.210144 352.280975 85.692017 225.856659
189 6 1275.327026 630.530518 141.843628 344.039673
189 7 1243.772827 352.019958 121.186768 208.432007
189 8 372.968994 563.729187 134.630676 277.270874
189 9 1747.150269 365.743164 63.755371 232.832275
189 10 289.046783 323.680298 75.802521 234.589783
189 11 705.133484 393.163391 91.054810 292.877563
189 12 965.956055 360.512604 97.920776 266.674530
189 13 -1.000000 -1.000000 -1.000000 -1.000000
189 14 1081.342529 392.426727 133.920776 202.728363
189 15 -1.000000 -1.000000 -1.000000 -1.000000
190 1 -1.000000 -1.000000 -1.000000 -1.000000
190 2 647.659729 840.268005 125.755249 238.499207
190 3 1049.146484 522.131042 132.318359 296.024475
190 4 423.661194 551.363708 145.496399 338.243469
190 5 636.049683 351.582397 83.169861 226.033386
190 6 1272.345337 631.125732 139.791016 343.914978
190 7 1244.549194 351.688171 121.455322 208.759705
190 8 374.767761 561.143555 136.117096 278.735718
190 9 1750.270020 366.285339 62.295166 233.966858
190 10 289.336731 323.393280 75.545898 234.197235
190 11 705.521851 390.792999 90.026062 294.927582
190 12 963.817810 361.358124 100.564514 265.757904
190 13 -1.000000 -1.000000 -1.000000 -1.000000
190 14 1084.575317 392.821289 131.506958 202.229370
190 15 -1.000000 -1.000000 -1.000000 -1.000000
191 1 -1.000000 -1.000000 -1.000000 -1.000000
191 2 646.134949 840.399597 125.585022 238.369080
191 3 1049.718018 522.013428 128.734131 295.375854
191 4 422.063568 550.955750 146.660553 337.414917
191 5 640.521912 350.982117 81.232849 226.261963
191 6 1269.453979 631.429688 137.596436 344.039062
191 7 1245.385986 351.340332 121.678467 209.069580
191 8 376.703217 557.429810 137.348236 281.314819
191 9 1753.286987 366.917114 61.277100 235.161926
191 10 289.509491 323.061218 75.638092 233.801758
191 11 706.116089 388.530945 89.401978 296.864807
191 12 961.706665 362.532684 103.061523 264.468781
191 13 -1.000000 -1.000000 -1.000000 -1.000000
191 14 1088.096924 394.212402 128.988159 200.700623
191 15 -1.000000 -1.000000 -1.000000 -1.000000
192 1 -1.000000 -1.000000 -1.000000 -1.000000
192 2 644.529663 840.407166 125.357666 238.384705
192 3 1050.165039 521.193481 125.867554 295.360291
192 4 420.542664 550.392456 146.498596 336.556335
192 5 644.505432 350.354858 79.794434 226.597717
192 6 1266.589355 631.457214 135.744507 344.405029
192 7 1246.326660 351.044678 121.835205 209.332458
192 8 378.847473 554.104187 138.301636 283.652161
192 9 1756.233765 367.586151 60.719482 236.452423
192 10 289.463806 322.669830 76.325226 233.450226
192 11 706.830078 386.419098 89.218262 298.720490
192 12 959.746094 363.950256 105.154297 262.784607
192 13 -1.000000 -1.000000 -1.000000 -1.000000
192 14 1091.844238 396.695068 126.396484 198.043213
192 15 -1.000000 -1.000000 -1.000000 -1.000000
193 1 -1.000000 -1.000000 -1.000000 -1.000000
193 2 642.844788 840.265808 125.026917 238.565002
193 3 1050.275269 519.756653 123.117554 295.942566
193 4 419.378784 549.715698 144.432434 335.689392
193 5 647.963623 349.674164 78.972534 226.982635
193 6 1263.697510 631.224487 134.641846 344.996765
193 7 1247.381470 350.854492 121.901367 209.512573
193 8 381.331238 551.503845 138.937561 285.564758
193 9 1759.092651 368.302826 60.574341 237.793060
193 10 289.203491 322.221283 77.558563 233.138519
193 11 707.579285 384.416229 89.387512 300.545258
193 12 957.992676 365.291107 106.688354 260.916718
193 13 -1.000000 -1.000000 -1.000000 -1.000000
193 14 1095.663208 399.918854 124.168335 194.637054
193 15 -1.000000 -1.000000 -1.000000 -1.000000
194 1 -1.000000 -1.000000 -1.000000 -1.000000
194 2 641.095703 839.952332 124.585571 238.938782
194 3 1049.953003 517.779663 120.739990 297.089355
194 4 418.499969 548.781982 140.454681 334.991760
194 5 650.930298 348.909332 78.853821 227.465729
194 6 1260.756592 630.782104 134.215942 345.754089
194 7 1248.499878 350.837128 121.944824 209.567963
194 8 384.009979 549.780701 139.566986 286.872742
194 9 1761.899658 369.095795 60.768799 239.024139
194 10 288.762909 321.719818 79.292053 232.914581
194 11 708.276062 382.533478 89.822327 302.324066
194 12 956.376526 366.175079 107.703064 259.130951
194 13 -1.000000 -1.000000 -1.000000 -1.000000
194 14 1098.890259 403.669373 123.132324 190.749512
194 15 -1.000000 -1.000000 -1.000000 -1.000000
195 1 -1.000000 -1.000000 -1.000000 -1.000000
195 2 639.289734 839.463928 124.074219 239.491882
195 3 1049.251099 515.255798 119.148071 298.742737
195 4 417.939941 547.344849 134.725281 334.710449
195 5 653.616577 348.119385 78.918274 227.989197
195 6 1257.827026 630.194275 134.052856 346.595215
195 7 1249.618530 351.002991 122.042114 209.510376
195 8 386.929596 549.319153 139.988068 286.834839
195 9 1764.452515 369.983917 61.444946 239.954437
195 10 288.270142 321.176941 81.296997 232.731812
195 11 708.939819 380.979095 90.406860 303.722382
195 12 954.965515 366.244904 108.112488 257.665741
195 13 -1.000000 -1.000000 -1.000000 -1.000000
195 14 1101.498901 407.887482 123.791260 186.439789
195 15 -1.000000 -1.000000 -1.000000 -1.000000
196 1 -1.000000 -1.000000 -1.000000 -1.000000
196 2 637.469849 838.813538 123.419006 240.208191
196 3 1048.174561 512.693298 117.795654 300.392456
196 4 417.539459 545.405701 127.840424 334.836243
196 5 656.037170 347.379120 79.009460 228.437164
196 6 1255.066895 629.552063 133.555298 347.436340
196 7 1250.620850 351.247437 122.305542 209.434570
196 8 390.098602 549.679443 140.027435 285.622559
196 9 1766.696411 370.979065 62.509521 240.528992
196 10 287.945892 320.557220 83.189148 232.611359
196 11 709.600952 379.957092 91.092896 304.450867
196 12 953.896240 365.307251 107.738770 256.575867
196 13 -1.000000 -1.000000 -1.000000 -1.000000
196 14 1103.617798 411.936066 126.578369 182.336761
196 15 -1.000000 -1.000000 -1.000000 -1.000000
197 1 -1.000000 -1.000000 -1.000000 -1.000000
197 2 635.614990 838.009644 122.602051 241.075806
197 3 1046.539307 510.478210 114.080322 301.640930
197 4 416.741272 543.064941 120.938538 335.302063
197 5 658.404541 346.751434 79.019043 228.747345
197 6 1252.648193 628.958740 132.252686 348.178223
197 7 1251.430908 351.452789 122.764648 209.406708
197 8 393.391266 550.302734 139.398834 283.687195
197 9 1768.473999 372.063538 63.941040 240.720520
197 10 288.060150 319.899170 84.472107 232.503540
197 11 710.327332 379.468689 91.881897 304.384705
197 12 953.194641 363.308594 106.720642 256.184021
197 13 -1.000000 -1.000000 -1.000000 -1.000000
197 14 1105.283936 415.518005 131.607422 178.763916
197 15 -1.000000 -1.000000 -1.000000 -1.000000
198 1 -1.000000 -1.000000 -1.000000 -1.000000
198 2 633.616882 837.102356 121.700928 242.043152
198 3 1044.244019 508.622131 110.309937 302.489807
198 4 415.046356 540.225830 115.084564 336.270020
198 5 660.836121 346.252930 78.604858 228.930359
198 6 1250.551636 628.546936 129.954102 348.717712
198 7 1251.941650 351.591888 123.472290 209.378754
198 8 396.512817 550.910583 138.120361 281.290527
198 9 1769.765869 373.199432 65.720581 240.548248
198 10 288.682922 319.224274 85.025879 232.430267
198 11 711.152710 379.517517 92.874695 303.517883
198 12 952.908447 360.670898 105.120972 256.241638
198 13 -1.000000 -1.000000 -1.000000 -1.000000
198 14 1106.624390 418.487915 138.049683 175.827637
198 15 -1.000000 -1.000000 -1.000000 -1.000000
199 1 -1.000000 -1.000000 -1.000000 -1.000000
199 2 631.340393 836.147400 120.814941 243.044739
199 3 1041.164551 507.069153 107.267456 303.009338
199 4 412.695068 537.321594 110.365845 337.461121
199 5 663.347778 345.970795 77.560608 228.898407
199 6 1248.529419 628.414185 126.995483 349.010193
199 7 1252.145142 351.673248 124.361938 209.287384
199 8 401.172699 551.385925 134.410492 278.578552
199 9 1770.677246 374.291901 67.605103 240.143707
199 10 289.872101 318.521820 84.738556 232.357086
199 11 712.068665 380.000244 94.163025 301.959412
199 12 953.013245 357.692749 103.094421 256.735046
199 13 -1.000000 -1.000000 -1.000000 -1.000000
199 14 1107.965576 420.796661 145.207153 173.555450
199 15 -1.000000 -1.000000 -1.000000 -1.000000
200 1 -1.000000 -1.000000 -1.000000 -1.000000
200 2 628.638733 835.152832 120.010803 244.080444
200 3 1037.048096 505.818420 105.433594 303.262207
200 4 409.961609 534.637756 106.411804 338.715088
200 5 665.939026 345.889160 76.166992 228.686890
200 6 1246.210083 628.671753 124.103149 348.993958
200 7 1252.141968 351.745636 125.332153 209.088715
200 8 407.652618 551.576904 128.302887 276.130737
200 9 1771.482666 375.342621 69.245361 239.586090
200 10 291.542419 317.801971 83.749359 232.290924
200 11 713.028503 380.702148 95.781616 299.947998
200 12 953.404297 354.700409 100.868408 257.542328
200 13 -1.000000 -1.000000 -1.000000 -1.000000
200 14 1109.396362 422.215973 151.814209 172.174469
200 15 -1.000000 -1.000000 -1.000000 -1.000000
201 1 -1.000000 -1.000000 -1.000000 -1.000000
201 2 625.313782 834.147400 119.485107 245.105286
201 3 1031.760132 505.100372 105.202881 303.110138
201 4 406.943604 532.376648 103.136292 339.974243
201 5 668.656616 345.968567 74.469604 228.373413
201 6 1243.006958 629.350159 122.298096 348.648682
201 7 1251.966064 351.903107 126.252563 208.633575
201 8 415.579163 551.361328 120.440125 274.393250
201 9 1772.316284 376.338043 70.529907 238.936798
201 10 293.477112 317.140533 82.504211 232.224030
201 11 714.010254 381.383209 97.624939 297.822845
201 12 953.935730 351.931091 98.651184 258.585388
201 13 -1.000000 -1.000000 -1.000000 -1.000000
201 14 1110.662964 422.823883 156.953735 171.617157
201 15 -1.000000 -1.000000 -1.000000 -1.000000
202 1 -1.000000 -1.000000 -1.000000 -1.000000
202 2 621.333801 833.163391 119.336182 246.085022
202 3 1025.484619 505.138916 107.698975 302.458984
202 4 403.741821 530.722046 100.520599 341.109863
202 5 671.338318 346.179169 72.537048 228.009796
202 6 1238.314819 630.444885 122.529175 348.021362
202 7 1251.593384 352.226349 127.053345 207.839874
202 8 425.152222 550.747253 110.922363 273.449524
202 9 1773.357910 377.274384 71.353027 238.247040
202 10 295.420746 316.543030 81.413605 232.209900
202 11 714.967529 382.063904 99.578552 295.607056
202 12 954.495483 349.691833 96.489868 259.372131
202 13 -1.000000 -1.000000 -1.000000 -1.000000
202 14 1111.447266 422.551758 160.702026 171.952454
202 15 -1.000000 -1.000000 -1.000000 -1.000000
203 1 -1.000000 -1.000000 -1.000000 -1.000000
203 2 616.791931 832.191833 119.632507 247.028625
203 3 1018.595947 505.617615 111.716553 301.705200
203 4 400.521240 529.904541 98.093353 341.902283
203 5 673.828674 346.471161 70.746338 227.649628
203 6 1231.936279 631.911194 125.317993 347.171021
203 7 1250.934937 352.668915 127.687622 206.822296
203 8 436.572235 549.939819 99.928131 273.039490
203 9 1774.712036 378.141418 71.609741 237.550171
203 10 297.306671 315.987946 80.576019 232.237946
203 11 715.893005 382.700897 101.516785 293.230316
203 12 955.075623 347.870514 94.411560 259.942230
203 13 -1.000000 -1.000000 -1.000000 -1.000000
203 14 1111.711792 421.498901 163.698242 173.096619
203 15 -1.000000 -1.000000 -1.000000 -1.000000
204 1 -1.000000 -1.000000 -1.000000 -1.000000
204 2 611.891113 831.220459 120.350037 247.952393
204 3 1011.434021 506.379822 116.647278 301.018677
204 4 397.161285 529.819031 96.213013 342.387146
204 5 676.077271 346.754944 69.427368 227.382202
204 6 1224.089355 633.661438 130.695801 346.184692
204 7 1249.912720 353.185028 128.105103 205.672333
204 8 446.389832 548.798279 90.767029 273.405701
204 9 1776.334473 378.954498 71.429321 236.857330
204 10 299.052002 315.506531 80.084869 232.286072
204 11 716.815735 383.301544 103.453308 290.675018
204 12 955.731445 346.474854 92.329590 260.190369
204 13 -1.000000 -1.000000 -1.000000 -1.000000
204 14 1111.426636 419.740509 166.062866 174.975983
204 15 -1.000000 -1.000000 -1.000000 -1.000000
205 1 -1.000000 -1.000000 -1.000000 -1.000000
205 2 606.867126 830.300659 121.451599 248.807739
205 3 1004.461365 507.396790 121.799744 300.410583
205 4 393.338318 530.422791 95.639648 342.572632
205 5 677.866272 346.930725 68.873230 227.264648
205 6 1215.183960 635.558838 138.199463 345.188416
205 7 1248.349487 353.772461 128.255005 204.312744
205 8 453.687561 547.322754 84.132080 274.408264
205 9 1778.006470 379.645233 71.082764 236.259308
205 10 300.596130 315.104156 79.967865 232.408844
205 11 717.789795 383.765778 105.493347 288.249054
205 12 956.490051 345.526825 90.238220 260.044830
205 13 -1.000000 -1.000000 -1.000000 -1.000000
205 14 1110.637573 417.570526 168.378174 177.289825
205 15 -1.000000 -1.000000 -1.000000 -1.000000
206 1 -1.000000 -1.000000 -1.000000 -1.000000
206 2 602.053894 829.441101 122.740173 249.612244
206 3 998.134583 507.761749 127.143372 300.662628
206 4 388.917694 531.578430 96.647919 342.516663
206 5 679.169373 346.910187 69.242371 227.313995
206 6 1205.750366 637.541443 147.139771 344.268982
206 7 1246.378784 354.424042 127.794678 202.947540
206 8 459.171387 545.609680 79.114685 275.811768
206 9 1779.605957 380.173584 70.717041 235.804504
206 10 302.042572 314.719360 79.874359 232.598572
206 11 718.783630 384.080902 107.961182 286.028778
206 12 957.226196 344.966064 88.362061 259.555298
206 13 -1.000000 -1.000000 -1.000000 -1.000000
206 14 1109.757935 415.196808 170.477295 179.816925
206 15 -1.000000 -1.000000 -1.000000 -1.000000
207 1 -1.000000 -1.000000 -1.000000 -1.000000
207 2 597.670593 828.648132 124.028931 250.372864
207 3 992.797058 507.066559 132.551208 302.071564
207 4 383.716003 533.118347 99.328369 342.316650
207 5 680.107422 346.992523 70.395935 227.168304
207 6 1196.400757 639.510254 156.728638 343.502258
207 7 1244.019531 355.115814 126.578735 201.673859
207 8 462.233032 543.770020 76.229553 277.481934
207 9 1781.021851 380.487610 70.445435 235.553223
207 10 303.494171 314.313934 79.632416 232.819855
207 11 719.762756 384.086639 111.130310 284.275726
207 12 957.839417 344.653076 86.854309 258.894226
207 13 -1.000000 -1.000000 -1.000000 -1.000000
207 14 1109.213379 412.948792 171.236816 182.185852
207 15 -1.000000 -1.000000 -1.000000 -1.000000
208 1 -1.000000 -1.000000 -1.000000 -1.000000
208 2 593.837769 827.941650 125.130310 251.075195
208 3 988.507996 506.106140 137.737244 303.724365
208 4 377.561340 534.820923 103.947083 342.110413
208 5 680.899902 347.481537 72.063721 226.507050
208 6 1187.632568 641.378174 166.202637 342.945312
208 7 1241.443848 355.947662 124.572754 200.477753
208 8 462.637085 541.772217 75.550476 279.459900
208 9 1782.228760 380.609161 70.324097 235.506683
208 10 304.967804 313.872131 79.247192 233.114258
208 11 720.700317 383.829193 115.137939 283.065094
208 12 958.021667 344.641205 86.045959 258.026154
208 13 -1.000000 -1.000000 -1.000000 -1.000000
208 14 1108.917114 410.752960 169.712036 184.483307
208 15 -1.000000 -1.000000 -1.000000 -1.000000
209 1 -1.000000 -1.000000 -1.000000 -1.000000
209 2 590.584412 827.354980 125.886841 251.687500
209 3 985.347717 505.220062 142.525085 305.236298
209 4 370.514404 536.541077 109.835297 341.881348
209 5 681.723877 348.358917 73.942627 225.351349
209 6 1179.803101 643.136841 174.927368 342.611877
209 7 1238.886963 356.917267 121.799072 199.418854
209 8 462.117004 539.810852 75.552246 281.457275
209 9 1783.207153 380.565308 70.380859 235.628052
209 10 306.520233 313.363403 78.691223 233.534058
209 11 721.573608 383.324524 119.802124 282.412537
209 12 957.465881 345.015350 86.202942 256.845428
209 13 -1.000000 -1.000000 -1.000000 -1.000000
209 14 1108.988037 408.487091 165.728638 186.834564
209 15 -1.000000 -1.000000 -1.000000 -1.000000
210 1 -1.000000 -1.000000 -1.000000 -1.000000
210 2 587.915710 826.869751 126.163635 252.227417
210 3 983.223633 504.500092 146.910767 306.487701
210 4 362.817200 538.121521 116.766785 341.644836
210 5 682.861450 349.568329 75.652588 223.803925
210 6 1173.081421 644.785400 182.582275 342.471741
210 7 1236.623047 357.943237 118.390015 198.708130
210 8 461.232819 538.018005 75.797089 283.302612
210 9 1784.103027 380.404083 70.487183 235.871246
210 10 308.195129 312.772705 77.962799 234.052734
210 11 722.366150 382.796173 124.752686 281.986115
210 12 955.897522 345.748260 87.535217 255.390961
210 13 -1.000000 -1.000000 -1.000000 -1.000000
210 14 1109.416260 405.824219 159.471924 189.574951
210 15 -1.000000 -1.000000 -1.000000 -1.000000
211 1 -1.000000 -1.000000 -1.000000 -1.000000
211 2 585.764832 826.468384 125.956177 252.704102
211 3 981.947754 504.373138 150.647949 307.078339
211 4 354.835175 539.496948 124.214874 341.344971
211 5 684.365845 351.070038 76.814575 221.941742
211 6 1167.701538 646.279541 188.821411 342.551331
211 7 1234.534424 358.962952 115.045532 198.215210
211 8 459.630615 536.430908 76.818237 284.959656
211 9 1784.986938 380.161224 70.589478 236.204681
211 10 309.800446 312.142853 77.423645 234.695953
211 11 723.119629 382.392334 129.460144 281.622498
211 12 953.252563 346.897491 89.929932 253.582184
211 13 -1.000000 -1.000000 -1.000000 -1.000000
211 14 1110.103516 402.727600 151.937500 192.742615
211 15 -1.000000 -1.000000 -1.000000 -1.000000
212 1 -1.000000 -1.000000 -1.000000 -1.000000
212 2 584.094421 826.144531 125.266296 253.107300
212 3 981.244141 504.926025 153.720947 306.921692
212 4 347.072571 540.597900 131.617157 340.980530
212 5 686.183105 352.167786 77.579773 220.519165
212 6 1163.767212 647.625732 193.407715 342.840881
212 7 1232.742432 359.888916 112.142578 198.018372
212 8 457.702881 535.045654 78.335266 286.401672
212 9 1785.869995 379.915649 70.705688 236.550598
212 10 311.216614 311.433990 77.257782 235.524323
212 11 723.878113 382.184479 133.413574 281.234589
212 12 949.453979 348.466461 93.395630 251.428558
212 13 -1.000000 -1.000000 -1.000000 -1.000000
212 14 1111.047607 399.168884 144.348877 196.390564
212 15 -1.000000 -1.000000 -1.000000 -1.000000
213 1 -1.000000 -1.000000 -1.000000 -1.000000
213 2 582.872375 825.888367 124.077148 253.442078
213 3 980.884460 505.690521 156.119934 306.491425
213 4 340.007355 541.413940 138.562042 340.507263
213 5 688.104858 352.315674 77.979126 220.101929
213 6 1161.172729 648.835693 196.387207 343.341492
213 7 1231.072021 360.565582 110.041260 198.162262
213 8 455.650909 533.872864 80.185944 287.640869
213 9 1786.743164 379.679169 70.839111 236.874359
213 10 312.443085 310.742249 77.470886 236.378296
213 11 724.666870 382.106110 136.309082 280.897247
213 12 944.671021 350.437256 97.696777 248.933044
213 13 -1.000000 -1.000000 -1.000000 -1.000000
213 14 1112.313232 395.675507 137.960571 199.974884
213 15 -1.000000 -1.000000 -1.000000 -1.000000
214 1 -1.000000 -1.000000 -1.000000 -1.000000
214 2 582.067688 825.674316 122.430664 253.739502
214 3 980.659424 506.428925 157.771729 306.018402
214 4 333.916016 541.920166 145.089081 339.993958
214 5 689.880005 351.563934 78.094788 220.633453
214 6 1159.718506 649.848755 197.871338 344.002502
214 7 1229.329834 360.877136 108.873169 198.677917
214 8 453.574249 532.907715 82.286530 288.698303
214 9 1787.566162 379.459290 71.037964 237.178955
214 10 313.442017 310.087708 78.116486 237.158020
214 11 725.547791 382.104828 138.083618 280.666656
214 12 939.281555 352.717407 102.590637 246.179504
214 13 -1.000000 -1.000000 -1.000000 -1.000000
214 14 1113.649780 392.652283 133.472656 203.063599
214 15 -1.000000 -1.000000 -1.000000 -1.000000
215 1 -1.000000 -1.000000 -1.000000 -1.000000
215 2 581.599915 825.496948 120.441406 253.996338
215 3 980.478760 507.020325 158.636719 305.638672
215 4 328.966125 542.182678 150.710480 339.397644
215 5 691.369873 350.143372 77.791504 221.864075
215 6 1159.234375 650.625916 197.859253 344.819092
215 7 1227.643311 360.711182 108.284302 199.587402
215 8 451.426178 532.133423 84.749908 289.588867
215 9 1788.228638 379.251404 71.394531 237.451233
215 10 314.187073 309.514404 79.209076 237.770935
215 11 726.628601 382.156525 138.843079 280.531342
215 12 933.717163 355.221191 107.740479 243.172363
215 13 -1.000000 -1.000000 -1.000000 -1.000000
215 14 1114.951050 390.503357 130.839600 205.246826
215 15 -1.000000 -1.000000 -1.000000 -1.000000
216 1 -1.000000 -1.000000 -1.000000 -1.000000
216 2 581.391968 825.381531 118.184875 254.167542
216 3 980.354553 507.419617 158.629578 305.388916
216 4 325.175995 542.245972 155.372742 338.711853
216 5 692.504456 348.376831 77.310181 223.505127
216 6 1159.451416 651.137634 196.281128 345.722900
216 7 1226.359863 360.009766 107.611450 200.973816
216 8 449.067657 531.554016 87.664276 290.300537
216 9 1788.710327 379.048981 71.908203 237.691498
216 10 314.829285 309.035919 80.459106 238.153229
216 11 728.015320 382.182373 138.742920 280.507874
216 12 928.438171 357.833771 112.819031 240.009247
216 13 -1.000000 -1.000000 -1.000000 -1.000000
216 14 1116.130249 389.434265 130.404785 206.320618
216 15 -1.000000 -1.000000 -1.000000 -1.000000
217 1 -1.000000 -1.000000 -1.000000 -1.000000
217 2 581.328430 825.335022 115.797913 254.248108
217 3 980.445007 507.653107 157.553772 305.244049
217 4 322.436676 542.181885 159.071198 337.881226
217 5 693.347351 346.801208 76.598450 225.039124
217 6 1160.102051 651.350586 193.080322 346.694641
217 7 1225.213623 358.814880 106.835083 202.742493
217 8 446.414215 531.190247 91.074738 290.811157
217 9 1789.032837 378.822693 72.543701 237.906067
217 10 315.511017 308.824615 81.662628 238.127594
217 11 729.777893 382.193298 137.979980 280.523499
217 12 923.874817 360.419250 117.371399 236.836670
217 13 -1.000000 -1.000000 -1.000000 -1.000000
217 14 1117.013306 389.174438 132.208618 206.567749
217 15 -1.000000 -1.000000 -1.000000 -1.000000
218 1 -1.000000 -1.000000 -1.000000 -1.000000
218 2 581.281433 825.361267 113.510498 254.228210
218 3 980.956482 507.738098 155.254089 305.228577
218 4 320.605469 542.041260 161.759766 336.919250
218 5 693.939270 345.730652 75.807922 226.155090
218 6 1161.037964 651.249146 187.939087 347.668640
218 7 1224.181030 357.188843 105.823608 204.829407
218 8 443.394348 531.002502 95.078125 291.146118
218 9 1789.180176 378.584351 73.345825 238.097351
218 10 316.165588 308.777222 82.857849 237.811584
218 11 731.992798 382.252411 136.627502 280.463226
218 12 920.368896 362.709442 121.022705 233.922760
218 13 -1.000000 -1.000000 -1.000000 -1.000000
218 14 1117.633423 389.355621 135.343018 206.360748
218 15 -1.000000 -1.000000 -1.000000 -1.000000
219 1 -1.000000 -1.000000 -1.000000 -1.000000
219 2 581.105713 825.466125 111.481750 254.085510
219 3 981.932495 507.692352 151.732178 305.350189
219 4 319.484802 541.848511 163.475647 335.868835
219 5 694.329285 345.173584 74.995239 226.866455
219 6 1162.074097 650.903259 180.546387 348.636597
219 7 1223.494629 355.216034 104.373291 207.155609
219 8 440.006226 530.945251 99.581055 291.330017
219 9 1789.233398 378.357117 74.242920 238.243591
219 10 316.899017 308.830719 83.880829 237.240204
219 11 734.650330 382.404358 134.772156 280.266846
219 12 918.002686 364.532227 123.543945 231.477905
219 13 -1.000000 -1.000000 -1.000000 -1.000000
219 14 1118.196045 389.558716 138.912720 206.174255
219 15 -1.000000 -1.000000 -1.000000 -1.000000
220 1 -1.000000 -1.000000 -1.000000 -1.000000
220 2 580.712952 825.652466 109.805664 253.825684
220 3 983.328003 507.516724 147.021606 305.624451
220 4 318.843658 541.557922 164.379486 334.826660
220 5 694.462036 345.030487 74.393433 227.286346
220 6 1163.021606 650.391846 170.827515 349.597656
220 7 1222.961060 352.859283 102.814819 209.781769
220 8 436.324493 530.968750 104.405365 291.402527
220 9 1789.310547 378.188324 75.152588 238.320465
220 10 317.929138 308.923859 84.455627 236.278534
220 11 737.634644 382.437500 132.507202 280.181946
220 12 916.731689 365.843994 124.822510 229.623657
220 13 -1.000000 -1.000000 -1.000000 -1.000000
220 14 1118.817383 389.456512 142.653809 206.354462
220 15 -1.000000 -1.000000 -1.000000 -1.000000
221 1 -1.000000 -1.000000 -1.000000 -1.000000
221 2 580.016174 825.910217 108.534790 253.493958
221 3 984.994629 507.231689 141.290039 306.065430
221 4 318.400543 541.138733 164.606964 333.879639
221 5 694.396545 345.092041 73.885559 227.554871
221 6 1163.624390 649.798401 159.253296 350.590271
221 7 1222.455200 350.176605 101.434204 212.678619
221 8 432.697418 531.001892 109.105682 291.384155
221 9 1789.470337 378.106689 76.033936 238.311951
221 10 319.402863 309.024841 84.500366 234.825500
221 11 740.811890 382.291901 129.957947 280.307831
221 12 916.323914 366.722595 124.902039 228.304443
221 13 -1.000000 -1.000000 -1.000000 -1.000000
221 14 1119.550171 388.709442 144.808594 207.252106
221 15 -1.000000 -1.000000 -1.000000 -1.000000
222 1 -1.000000 -1.000000 -1.000000 -1.000000
222 2 578.979004 826.226379 107.683044 253.108215
222 3 986.595886 506.851715 134.892639 306.663910
222 4 317.865448 540.549377 164.244873 333.144714
222 5 694.053101 345.206940 73.525757 227.735077
222 6 1163.653076 649.233154 146.583862 351.622925
222 7 1222.690430 347.108124 99.673706 215.923248
222 8 429.163605 530.957031 113.457550 291.324158
222 9 1789.737671 378.098206 76.868896 238.274658
222 10 321.321289 309.054718 83.963470 232.983429
222 11 744.125732 381.904541 127.245117 280.726135
222 12 916.469360 367.287170 124.010254 227.403259
222 13 -1.000000 -1.000000 -1.000000 -1.000000
222 14 1120.457764 387.784210 144.601440 208.376862
222 15 -1.000000 -1.000000 -1.000000 -1.000000
223 1 -1.000000 -1.000000 -1.000000 -1.000000
223 2 577.588623 826.576721 107.141113 252.698303
223 3 987.811035 506.380432 128.234497 307.372437
223 4 316.959534 539.727356 163.268677 332.689087
223 5 693.535156 345.300140 73.195923 227.832123
223 6 1162.844727 648.789429 133.901489 352.766663
223 7 1224.424561 343.635681 96.998779 219.470947
223 8 425.879913 530.780945 117.141022 291.248108
223 9 1790.151855 378.100159 77.585205 238.276733
223 10 323.742035 308.949829 82.768433 230.931396
223 11 747.483582 381.208954 124.619019 281.499847
223 12 916.805908 367.547424 122.424683 226.943970
223 13 -1.000000 -1.000000 -1.000000 -1.000000
223 14 1121.530396 386.816742 142.550903 209.581329
223 15 -1.000000 -1.000000 -1.000000 -1.000000
224 1 -1.000000 -1.000000 -1.000000 -1.000000
224 2 575.912964 826.913574 106.806213 252.324585
224 3 988.563354 505.841736 121.594482 308.154175
224 4 315.525360 538.528687 161.608276 332.672791
224 5 692.938782 345.357300 72.887329 227.830627
224 6 1161.056152 648.523438 122.467407 354.002441
224 7 1227.526733 339.818970 93.625000 223.096313
224 8 422.784546 530.413330 120.098267 291.196960
224 9 1790.699463 378.053894 78.175293 238.364746
224 10 326.543945 308.730103 81.022736 228.739929
224 11 750.854492 380.163300 122.296143 282.631622
224 12 917.014771 367.499603 120.352417 226.894684
224 13 -1.000000 -1.000000 -1.000000 -1.000000
224 14 1122.661011 385.835175 139.389404 210.786407
224 15 -1.000000 -1.000000 -1.000000 -1.000000
225 1 -1.000000 -1.000000 -1.000000 -1.000000
225 2 573.925598 827.185486 106.658813 252.034851
225 3 988.865295 505.290039 115.313538 308.931519
225 4 313.539551 536.855530 159.076477 333.239685
225 5 692.359741 345.429901 72.626221 227.666046
225 6 1158.116333 648.492126 113.525757 355.310303
225 7 1231.663330 335.808289 89.844604 226.444763
225 8 419.893890 529.787537 122.127960 291.222656
225 9 1791.368164 377.893341 78.616943 238.584198
225 10 329.491119 308.370850 78.994781 226.827759
225 11 754.219360 378.867249 120.410706 283.957153
225 12 916.893982 367.139435 118.107361 227.226837
225 13 -1.000000 -1.000000 -1.000000 -1.000000
225 14 1123.760986 384.716858 135.537598 212.086609
225 15 -1.000000 -1.000000 -1.000000 -1.000000
226 1 -1.000000 -1.000000 -1.000000 -1.000000
226 2 571.640442 827.337830 106.704163 251.855530
226 3 988.791626 504.764984 109.727051 309.639496
226 4 311.159363 534.737915 155.390381 334.335083
226 5 691.698303 345.577698 72.691284 227.415955
226 6 1154.081787 648.754150 107.735352 356.650330
226 7 1235.964233 331.097260 86.111084 229.802704
226 8 417.173981 528.867249 123.176483 291.403076
226 9 1792.133789 377.615479 78.919800 238.919800
226 10 332.280304 307.743988 76.977997 225.663422
226 11 757.655579 377.381836 119.055847 285.389038
226 12 916.336853 366.083984 115.878235 228.298706
226 13 -1.000000 -1.000000 -1.000000 -1.000000
226 14 1124.770996 383.289429 132.223511 213.653870
226 15 -1.000000 -1.000000 -1.000000 -1.000000
227 1 -1.000000 -1.000000 -1.000000 -1.000000
227 2 569.009216 827.330261 106.954041 251.831726
227 3 988.503784 504.307587 105.160156 310.241608
227 4 308.622925 532.151550 150.337769 335.942932
227 5 690.965515 345.861237 73.134460 227.138458
227 6 1149.076172 649.339783 105.138062 357.913391
227 7 1239.581665 325.717682 82.912231 232.905304
227 8 414.965363 527.647217 122.877045 291.815002
227 9 1792.991699 377.274017 79.057129 239.304230
227 10 334.894653 306.789520 75.082458 225.260101
227 11 761.226318 375.886017 118.246338 286.752777
227 12 915.388733 363.908325 113.688049 230.510559
227 13 -1.000000 -1.000000 -1.000000 -1.000000
227 14 1125.691284 380.995209 129.840576 216.045990
227 15 -1.000000 -1.000000 -1.000000 -1.000000
228 1 -1.000000 -1.000000 -1.000000 -1.000000
228 2 566.029175 827.141296 107.386169 251.992493
228 3 988.043640 503.947174 101.820862 310.740082
228 4 306.201324 529.183594 144.127106 337.974548
228 5 690.106018 346.359528 73.976318 226.886688
228 6 1143.310059 650.284912 105.541992 358.960266
228 7 1241.679077 319.575165 80.673584 235.754364
228 8 413.206909 526.144470 121.071350 292.505981
228 9 1793.933228 376.954254 79.065674 239.652924
228 10 337.164581 305.670410 73.515594 225.370300
228 11 765.028870 374.530884 117.811279 287.932800
228 12 914.027832 360.628754 111.590820 233.817108
228 13 -1.000000 -1.000000 -1.000000 -1.000000
228 14 1126.542236 377.425385 128.356201 219.671539
228 15 -1.000000 -1.000000 -1.000000 -1.000000
229 1 -1.000000 -1.000000 -1.000000 -1.000000
229 2 562.650085 826.804138 108.044067 252.306335
229 3 987.398315 503.691559 99.836548 311.122406
229 4 304.050751 526.097412 137.049500 340.081055
229 5 689.122437 347.382294 75.185364 226.437225
229 6 1136.952881 651.565125 108.546143 359.864441
229 7 1242.168091 312.610229 79.244507 238.558350
229 8 411.968842 524.438660 117.689850 293.445740
229 9 1794.975342 376.688416 78.951904 239.962097
229 10 338.955658 304.554871 72.514832 225.905518
229 11 769.058594 373.508453 117.535400 288.803314
229 12 912.397888 356.567841 109.551819 237.903961
229 13 -1.000000 -1.000000 -1.000000 -1.000000
229 14 1127.412964 372.718567 127.409302 224.403320
229 15 -1.000000 -1.000000 -1.000000 -1.000000
230 1 -1.000000 -1.000000 -1.000000 -1.000000
230 2 559.004944 826.362671 108.830200 252.737183
230 3 986.558044 503.556641 99.054016 311.380981
230 4 302.255768 523.150879 129.560059 341.969482
230 5 688.026917 348.899963 76.924316 225.865173
230 6 1130.316284 653.129761 113.428955 360.695740
230 7 1241.249756 305.098511 78.326904 241.269592
230 8 411.168457 522.630127 113.011292 294.541687
230 9 1796.091309 376.531189 78.763306 240.212891
230 10 340.215027 303.579773 72.136688 226.635742
230 11 773.319641 372.965118 117.336182 289.289154
230 12 910.575256 352.150787 107.085083 242.367157
230 13 -1.000000 -1.000000 -1.000000 -1.000000
230 14 1128.417847 367.441437 126.733643 229.677887
230 15 -1.000000 -1.000000 -1.000000 -1.000000
231 1 -1.000000 -1.000000 -1.000000 -1.000000
231 2 555.183350 825.875610 109.721619 253.242065
231 3 985.522278 503.548431 99.236633 311.531281
231 4 300.760040 520.418274 122.298737 343.614563
231 5 687.053711 350.734497 79.196106 225.192383
231 6 1123.524780 654.951721 119.626587 361.512695
231 7 1239.679565 298.086731 77.602417 243.182922
231 8 410.548035 520.831787 107.615356 295.634277
231 9 1797.282349 376.485046 78.521118 240.434143
231 10 341.179260 302.990814 72.205200 226.992157
231 11 777.637512 373.007324 117.096985 289.274475
231 12 908.669006 348.122528 104.004211 246.504364
231 13 -1.000000 -1.000000 -1.000000 -1.000000
231 14 1129.600098 361.065521 126.102051 236.015656
231 15 -1.000000 -1.000000 -1.000000 -1.000000
232 1 -1.000000 -1.000000 -1.000000 -1.000000
232 2 551.313965 825.383423 110.724976 253.777832
232 3 984.300964 503.662262 99.999573 311.596039
232 4 299.540436 518.113708 115.993408 344.867126
232 5 686.321167 352.775787 82.056641 224.422821
232 6 1116.708252 656.966797 126.794189 362.395081
232 7 1237.540894 291.832611 77.387085 244.472443
232 8 409.748047 519.117798 102.368286 296.563293
232 9 1798.527954 376.555145 78.298828 240.619598
232 10 341.732239 302.695312 72.750122 227.072205
232 11 781.735596 373.526428 116.835876 288.850159
232 12 906.620789 345.233215 100.466125 249.628418
232 13 -1.000000 -1.000000 -1.000000 -1.000000
232 14 1130.931274 353.744354 125.553467 243.292755
232 15 -1.000000 -1.000000 -1.000000 -1.000000
233 1 -1.000000 -1.000000 -1.000000 -1.000000
233 2 547.471741 824.940674 112.000854 254.280518
233 3 983.119690 503.943909 100.953430 311.513000
233 4 298.502106 516.335632 110.868958 345.685242
233 5 685.980164 355.017456 85.363281 223.454956
233 6 1109.915039 659.101379 134.581543 363.418396
233 7 1235.142578 286.570129 77.636719 245.315063
233 8 408.621033 517.559631 98.165436 297.140381
233 9 1799.802490 376.714905 78.132202 240.787964
233 10 342.228149 302.634857 73.398071 226.814301
233 11 785.313538 374.453156 116.697693 288.060577
233 12 904.598938 343.910522 96.524658 251.374390
233 13 -1.000000 -1.000000 -1.000000 -1.000000
233 14 1132.363159 345.891876 124.906860 251.111847
233 15 -1.000000 -1.000000 -1.000000 -1.000000
234 1 -1.000000 -1.000000 -1.000000 -1.000000
234 2 543.722412 824.564697 113.648376 254.733521
234 3 982.073547 504.418152 101.952820 311.274109
234 4 297.625977 515.101257 106.960876 346.252014
234 5 686.110718 356.912354 88.644592 222.730225
234 6 1103.213867 661.386108 142.575317 364.421021
234 7 1232.601929 282.472198 78.285034 245.770416
234 8 407.220703 516.161865 95.424347 297.273438
234 9 1801.060181 376.984253 78.059692 240.907776
234 10 342.704987 302.610413 73.958466 226.365845
234 11 788.223572 375.632263 116.757324 287.043701
234 12 902.575378 343.881104 92.230896 252.095337
234 13 -1.000000 -1.000000 -1.000000 -1.000000
234 14 1133.887817 337.731812 124.174438 259.276367
234 15 -1.000000 -1.000000 -1.000000 -1.000000
235 1 -1.000000 -1.000000 -1.000000 -1.000000
235 2 540.036621 824.270874 115.779297 255.110962
235 3 981.210815 505.094025 102.986450 310.866119
235 4 296.913452 514.416260 104.192841 346.676392
235 5 686.731934 358.451172 91.160645 222.228394
235 6 1096.674316 663.851990 150.421509 365.210022
235 7 1230.114868 279.458496 79.056641 246.041443
235 8 405.604614 514.949890 94.313568 296.945251
235 9 1802.285645 377.334106 78.098389 240.993469
235 10 343.218811 302.521912 74.451874 225.796692
235 11 790.378906 376.951233 116.891541 285.891724
235 12 900.444458 344.550629 88.324036 252.417755
235 13 -1.000000 -1.000000 -1.000000 -1.000000
235 14 1135.419922 328.881897 123.433716 268.195007
235 15 -1.000000 -1.000000 -1.000000 -1.000000
236 1 -1.000000 -1.000000 -1.000000 -1.000000
236 2 536.364319 824.052795 118.425842 255.412292
236 3 980.605164 505.986908 104.012634 310.261993
236 4 296.331360 514.336670 102.317017 346.998474
236 5 687.695007 359.878601 92.180847 221.845459
236 6 1090.475464 666.470215 157.744385 365.589722
236 7 1228.047363 277.195282 79.481079 246.462860
236 8 403.710388 513.923706 94.861664 296.245300
236 9 1803.474121 377.750427 78.245728 241.061462
236 10 343.352295 303.356232 74.930603 224.348175
236 11 791.814087 378.282532 116.760864 284.780334
236 12 897.855530 345.253906 85.348145 252.992493
236 13 -1.000000 -1.000000 -1.000000 -1.000000
236 14 1136.884033 321.545441 122.731934 275.609161
236 15 -1.000000 -1.000000 -1.000000 -1.000000
237 1 -1.000000 -1.000000 -1.000000 -1.000000
237 2 532.699402 823.928284 121.503357 255.607483
237 3 980.312988 507.108215 105.008057 309.440369
237 4 295.659698 514.857910 101.183105 347.260193
237 5 688.848389 361.375031 91.339233 221.461395
237 6 1084.715454 669.221008 164.290283 365.521912
237 7 1227.031616 275.607574 78.680054 246.989777
237 8 401.425171 513.135437 96.902008 295.224915
237 9 1804.632812 378.187378 78.462891 241.162781
237 10 342.965302 305.769257 75.423920 221.573273
237 11 792.666199 379.549469 116.145752 283.807953
237 12 894.669128 345.617035 83.431152 254.131012
237 13 -1.000000 -1.000000 -1.000000 -1.000000
237 14 1138.262573 317.115021 121.996826 280.065094
237 15 -1.000000 -1.000000 -1.000000 -1.000000
238 1 -1.000000 -1.000000 -1.000000 -1.000000
238 2 529.044250 823.881592 124.823730 255.707520
238 3 980.234924 508.412048 106.005798 308.475769
238 4 294.651520 516.050781 100.785431 347.388245
238 5 689.915771 363.233978 88.841003 220.842865
238 6 1079.537354 672.081360 169.807251 364.996887
238 7 1227.122925 274.835297 76.474121 247.323090
238 8 398.652496 512.593201 100.135651 294.015137
238 9 1805.777954 378.656311 78.657715 241.299744
238 10 342.084869 308.722839 76.254913 218.712830
238 11 793.131348 380.660339 114.781677 283.091370
238 12 890.649719 346.005829 82.597107 255.350983
238 13 -1.000000 -1.000000 -1.000000 -1.000000
238 14 1139.507568 316.215363 121.349365 280.903778
238 15 -1.000000 -1.000000 -1.000000 -1.000000
239 1 -1.000000 -1.000000 -1.000000 -1.000000
239 2 525.396484 823.900940 128.209473 255.696960
239 3 980.345459 509.865906 106.889893 307.403931
239 4 292.993408 517.961060 101.212341 347.199463
239 5 690.656250 365.752319 85.529236 219.762451
239 6 1075.013306 674.913086 174.194458 364.213013
239 7 1228.234375 274.846100 73.067749 247.088470
239 8 394.904938 512.356812 104.750427 292.679382
239 9 1806.928467 379.156525 78.741821 241.458710
239 10 341.176178 311.960632 77.212402 215.975281
239 11 793.340698 381.599274 112.550537 282.602142
239 12 885.465088 347.205841 83.256226 255.701935
239 13 -1.000000 -1.000000 -1.000000 -1.000000
239 14 1140.617920 318.900391 120.770264 278.005859
239 15 -1.000000 -1.000000 -1.000000 -1.000000
240 1 -1.000000 -1.000000 -1.000000 -1.000000
240 2 521.762939 823.976074 131.514221 255.584351
240 3 980.624390 511.422577 107.567871 306.314484
240 4 290.327362 520.598206 102.633240 346.567993
240 5 690.950928 368.690857 82.171692 218.419495
240 6 1071.055054 677.579224 177.555298 363.319946
240 7 1230.079834 275.489349 69.045410 246.226105
240 8 389.934509 512.433350 110.765503 291.258545
240 9 1808.107300 379.720917 78.589233 241.578705
240 10 340.530029 315.427795 77.851135 213.385620
240 11 793.457581 382.336121 109.464600 282.328064
240 12 879.492676 349.120605 84.839600 255.196106
240 13 -1.000000 -1.000000 -1.000000 -1.000000
240 14 1141.677612 325.339539 120.200195 271.194580
240 15 -1.000000 -1.000000 -1.000000 -1.000000
241 1 -1.000000 -1.000000 -1.000000 -1.000000
241 2 518.237000 824.104431 134.544861 255.375671
241 3 980.950378 513.013489 107.945251 305.286682
241 4 286.385040 523.936340 105.390717 345.371643
241 5 690.795410 371.677917 79.555481 217.054688
241 6 1067.530396 679.979309 180.020020 362.553284
241 7 1232.038208 276.644989 65.034058 244.731842
241 8 384.000916 512.826172 117.764526 289.746094
241 9 1809.295898 380.357849 78.118286 241.623352
241 10 340.869202 316.953217 77.968842 212.994171
241 11 793.496765 382.787720 106.252625 282.289978
241 12 873.206726 352.018402 86.932922 253.512482
241 13 -1.000000 -1.000000 -1.000000 -1.000000
241 14 1142.844238 334.072021 119.488159 262.074463
241 15 -1.000000 -1.000000 -1.000000 -1.000000
242 1 -1.000000 -1.000000 -1.000000 -1.000000
242 2 514.869324 824.266663 137.200562 255.110413
242 3 981.198914 514.583557 107.967346 304.389893
242 4 281.310974 527.835327 109.246613 343.636658
242 5 690.241394 374.428528 78.051819 215.958740
242 6 1064.314087 682.051208 181.685791 362.016052
242 7 1233.532593 278.216827 61.762695 242.816803
242 8 377.495178 513.516846 125.323578 288.143372
242 9 1810.471313 381.068054 77.263428 241.578186
242 10 342.608490 315.661591 77.464844 215.406708
242 11 793.481812 382.891235 103.203491 282.468262
242 12 867.080078 355.808990 89.151245 250.730621
242 13 -1.000000 -1.000000 -1.000000 -1.000000
242 14 1144.112793 343.048523 118.678345 252.791870
242 15 531.686646 338.729706 87.654846 205.843048
243 1 -1.000000 -1.000000 -1.000000 -1.000000
243 2 511.697968 824.466125 139.419281 254.800232
243 3 981.240723 516.063416 107.579590 303.692078
243 4 275.501923 532.019409 113.821930 341.533081
243 5 689.450928 376.191345 77.659241 215.811829
243 6 1061.225464 683.713745 182.756958 361.797363
243 7 1234.438599 280.038849 59.407593 240.684235
243 8 370.907074 514.536987 132.964264 286.403687
243 9 1811.600098 381.811096 76.038208 241.451782
243 10 345.259369 313.654724 76.138275 218.397095
243 11 793.425903 382.656433 100.838196 282.771606
243 12 861.787231 359.251831 91.118896 248.108704
243 13 -1.000000 -1.000000 -1.000000 -1.000000
243 14 1145.605103 350.999695 117.686646 244.705627
243 15 529.046509 339.587341 87.189453 207.356445
244 1 -1.000000 -1.000000 -1.000000 -1.000000
244 2 508.809570 824.708557 141.121216 254.459900
244 3 980.921875 517.353149 106.723877 303.268433
244 4 269.432953 536.176880 118.664673 339.253601
244 5 688.553711 376.785065 78.007751 216.663544
244 6 1058.203857 684.962158 183.317261 361.856812
244 7 1234.814819 282.134644 57.813232 238.809631
244 8 364.921539 515.830261 139.972046 284.587585
244 9 1812.621948 382.575500 74.494385 241.253662
244 10 348.200134 311.544525 74.323059 221.376923
244 11 793.331848 382.089417 99.115295 283.179626
244 12 858.083374 360.983856 92.139709 247.028473
244 13 -1.000000 -1.000000 -1.000000 -1.000000
244 14 1147.162842 357.428406 116.727539 238.424377
244 15 525.646545 340.697113 86.193665 209.202667
245 1 -1.000000 -1.000000 -1.000000 -1.000000
245 2 506.271515 824.996643 142.274078 254.104187
245 3 980.058472 518.328186 105.405518 303.175720
245 4 263.623535 539.997864 123.323944 336.948730
245 5 687.533569 376.563202 78.836304 218.138702
245 6 1055.253906 685.822083 183.369019 362.223083
245 7 1234.805542 284.690765 56.678223 236.981110
245 8 360.016357 517.345825 145.872101 282.759644
245 9 1813.471191 383.321960 72.756104 241.061890
245 10 350.978760 309.384735 72.537048 224.291962
245 11 793.055603 381.250397 98.147888 283.648102
245 12 855.526794 361.606323 92.678650 246.899780
245 13 -1.000000 -1.000000 -1.000000 -1.000000
245 14 1148.592041 362.146027 115.968994 234.145172
245 15 521.943665 341.997864 84.216797 211.143738
246 1 -1.000000 -1.000000 -1.000000 -1.000000
246 2 504.093323 825.349243 142.912781 253.713867
246 3 978.557922 518.866516 103.747742 303.521973
246 4 258.711243 543.208069 126.964020 334.761658
246 5 686.214294 375.946625 79.976318 219.830658
246 6 1052.384888 686.324646 182.977295 362.851135
246 7 1234.686401 287.673676 55.770264 235.577606
246 8 356.301941 519.035400 150.568756 280.974304
246 9 1814.125610 384.027588 70.828979 240.914124
246 10 353.031006 308.159058 71.184113 226.160522
246 11 792.698608 380.346283 97.408203 284.035370
246 12 854.286499 361.246124 92.559143 247.657379
246 13 -1.000000 -1.000000 -1.000000 -1.000000
246 14 1149.500366 365.207703 115.822510 231.744019
246 15 518.200989 343.526703 81.261963 212.683441
247 1 -1.000000 -1.000000 -1.000000 -1.000000
247 2 502.275299 825.781677 143.105438 253.261414
247 3 976.389404 518.859375 101.947998 304.392517
247 4 254.874100 545.639893 129.388382 332.765076
247 5 684.388794 375.158142 81.405640 221.472534
247 6 1049.578979 686.500549 182.224243 363.700989
247 7 1234.276855 291.123108 55.191895 234.959717
247 8 353.680145 520.803711 154.102875 279.298584
247 9 1814.620728 384.687073 68.697510 240.837585
247 10 354.132507 308.120941 70.367584 226.779388
247 11 792.288452 379.658569 96.740906 284.186462
247 12 854.032471 360.233856 92.033081 248.959869
247 13 -1.000000 -1.000000 -1.000000 -1.000000
247 14 1149.731812 367.368134 116.490356 230.413727
247 15 514.599976 345.018188 77.678284 213.705811
248 1 -1.000000 -1.000000 -1.000000 -1.000000
248 2 500.835754 826.300903 142.938293 252.724243
248 3 973.664673 518.247375 100.197144 305.785706
248 4 252.156128 547.220276 130.517334 331.046875
248 5 681.803955 374.663544 83.309143 222.634125
248 6 1046.878784 686.440369 181.131714 364.724426
248 7 1233.682861 295.031891 54.938354 235.190948
248 8 351.895081 522.542969 156.640045 277.786804
248 9 1814.974365 385.306671 66.438477 240.864105
248 10 354.620300 308.182556 70.121246 227.255432
248 11 791.763367 379.361450 95.714905 283.981445
248 12 853.839966 359.241638 91.845642 250.218201
248 13 -1.000000 -1.000000 -1.000000 -1.000000
248 14 1149.001343 369.030396 118.220581 229.694275
248 15 510.950623 346.216522 74.298035 214.326691
249 1 -1.000000 -1.000000 -1.000000 -1.000000
249 2 499.759491 826.919617 142.502594 252.104065
249 3 970.547668 517.063599 98.786560 307.580261
249 4 250.549362 548.011963 130.400223 329.668823
249 5 678.144409 374.576569 86.161926 223.304840
249 6 1044.240479 686.264343 179.754517 365.839661
249 7 1232.915039 299.273590 55.126587 236.363251
249 8 350.650787 524.202454 158.449524 276.462830
249 9 1815.202759 385.838806 64.193237 241.093201
249 10 354.841187 308.158264 70.236084 227.780457
249 11 791.062805 379.555389 94.713135 283.386322
249 12 853.114197 358.858612 92.516785 250.956207
249 13 -1.000000 -1.000000 -1.000000 -1.000000
249 14 1147.522339 370.363159 120.753296 229.342224
249 15 507.201874 347.097870 71.340973 214.664764
250 1 -1.000000 -1.000000 -1.000000 -1.000000
250 2 499.041473 827.633423 141.847504 251.387085
250 3 967.286011 515.478760 97.924316 309.452820
250 4 249.912933 548.127197 129.108521 328.698547
250 5 673.305847 374.860840 90.316589 223.577454
250 6 1041.652344 686.077942 178.113770 366.938171
250 7 1232.080444 303.628571 55.628906 239.296906
250 8 349.675995 525.762390 159.626404 275.341431
250 9 1815.278809 386.277863 62.121460 241.527252
250 10 355.055145 308.222839 70.486603 228.187500
250 11 790.064636 380.210449 94.081177 282.465942
250 12 851.905151 358.786469 93.636169 251.531586
250 13 -1.000000 -1.000000 -1.000000 -1.000000
250 14 1145.395264 371.339752 123.824097 229.286652
250 15 503.038971 347.564148 69.683380 215.018921
251 1 -1.000000 -1.000000 -1.000000 -1.000000
251 2 498.677460 828.409119 141.025055 250.606140
251 3 964.031433 513.727051 97.795105 310.839844
251 4 249.899475 547.702393 127.114441 327.996582
251 5 667.334717 375.377594 95.876587 223.645294
251 6 1039.047974 685.983521 176.227051 367.935547
251 7 1231.182007 308.141968 56.275146 243.565002
251 8 348.771423 527.181152 160.116302 274.448669
251 9 1815.058228 386.659058 60.666504 242.128784
251 10 355.489258 308.586884 70.704712 228.288177
251 11 788.459167 381.279175 94.577637 281.158997
251 12 849.438110 358.914276 95.496033 252.015717
251 13 -1.000000 -1.000000 -1.000000 -1.000000
251 14 1143.220337 371.914581 126.726562 229.453827
251 15 498.296265 347.571808 69.674316 215.828461
252 1 -1.000000 -1.000000 -1.000000 -1.000000
252 2 498.667358 829.220520 139.996216 249.797180
252 3 960.925659 512.053101 98.416992 311.780640
252 4 250.364471 546.880310 124.667358 327.437866
252 5 660.350708 376.164642 102.771667 223.543121
252 6 1036.447388 686.077942 174.140137 368.764343
252 7 1230.990967 312.629242 56.431519 246.024994
252 8 347.835327 528.487000 159.697021 273.814453
252 9 1814.352295 387.067596 60.282959 242.788605
252 10 356.208588 309.287628 70.939911 228.118988
252 11 785.996216 382.644653 96.613892 279.488708
252 12 845.510742 359.054718 98.047058 252.689911
252 13 -1.000000 -1.000000 -1.000000 -1.000000
252 14 1141.558594 372.106476 129.007324 229.877594
252 15 492.954468 347.434967 71.290039 217.177826
253 1 -1.000000 -1.000000 -1.000000 -1.000000
253 2 499.000824 830.032166 138.674835 249.006287
253 3 957.953552 510.689240 99.790222 312.219940
253 4 251.041885 545.837097 122.269547 326.714661
253 5 652.552734 377.139648 110.592041 223.469666
253 6 1033.811768 686.422119 171.882690 369.355957
253 7 1231.249268 316.870300 56.209106 245.771606
253 8 346.870392 529.706543 157.960114 273.478516
253 9 1813.098389 387.595520 61.144897 243.399963
253 10 357.135559 310.372955 71.353455 227.643036
253 11 782.473633 383.998993 100.330444 277.767181
253 12 840.700378 358.960876 100.413330 253.798035
253 13 -1.000000 -1.000000 -1.000000 -1.000000
253 14 1141.013916 372.096039 130.172485 230.419891
253 15 487.038177 347.505005 74.261383 218.843384
254 1 -1.000000 -1.000000 -1.000000 -1.000000
254 2 499.643036 830.809143 137.052521 248.263855
254 3 955.109253 509.796204 101.726685 312.245056
254 4 251.763321 544.634583 120.199692 325.566895
254 5 644.479675 378.392914 118.338257 223.451385
254 6 1031.052734 686.998718 169.637817 369.762146
254 7 1231.624512 320.425079 55.954468 242.531830
254 8 345.926208 530.908813 154.206116 273.370483
254 9 1811.400513 388.367615 63.128174 243.789612
254 10 358.144989 311.743561 72.065063 226.937469
254 11 777.781799 385.199951 105.628052 276.123535
254 12 835.242554 358.835022 102.062500 255.126404
254 13 -1.000000 -1.000000 -1.000000 -1.000000
254 14 1141.663208 372.008942 130.281494 231.023102
254 15 480.562378 348.033844 78.353271 220.671234
255 1 -1.000000 -1.000000 -1.000000 -1.000000
255 2 500.544434 831.542786 135.150085 247.588074
255 3 952.369019 509.465759 104.010376 312.064270
255 4 252.507202 543.310059 118.526154 323.815613
255 5 636.259827 379.757874 125.368286 223.747559
255 6 1028.120361 687.784668 167.576050 370.053711
255 7 1232.014771 323.342804 55.824463 235.413788
255 8 345.131104 532.164246 148.021454 273.360107
255 9 1809.496338 389.435425 65.940430 243.894592
255 10 359.158081 313.212708 73.157623 226.116211
255 11 772.085754 386.187836 112.016174 274.576508
255 12 829.527100 358.595825 103.396545 256.751160
255 13 -1.000000 -1.000000 -1.000000 -1.000000
255 14 1143.867798 371.998688 129.321899 231.723236
255 15 473.361786 349.422729 83.340790 222.500122
256 1 -1.000000 -1.000000 -1.000000 -1.000000
256 2 501.686707 832.242981 132.960022 246.967224
256 3 949.801880 509.736237 106.359131 312.250458
256 4 253.328506 541.923828 117.266403 321.542664
256 5 628.190125 381.298065 130.968445 224.288361
256 6 1024.989258 688.776550 165.862305 370.228455
256 7 1232.336670 325.575867 56.019531 224.172302
256 8 344.652252 533.616943 139.380981 273.353516
256 9 1807.780518 390.788635 69.010132 243.732605
256 10 360.161621 314.662598 74.415039 225.310425
256 11 765.679565 386.837128 118.640198 273.387604
256 12 824.333740 358.118408 103.865662 258.743469
256 13 -1.000000 -1.000000 -1.000000 -1.000000
256 14 1147.433716 372.161163 127.691528 232.675323
256 15 465.518616 351.798615 88.921631 224.020782
257 1 -1.000000 -1.000000 -1.000000 -1.000000
257 2 503.052277 832.919189 130.563873 246.366455
257 3 947.362366 510.617889 108.643494 312.175568
257 4 254.268509 540.507568 116.187424 318.844849
257 5 620.496338 382.925415 134.730591 225.078918
257 6 1021.652405 689.945312 164.494324 370.301636
257 7 1232.208984 327.449829 56.760254 213.151306
257 8 344.643555 535.417114 128.687714 273.128601
257 9 1806.625977 392.322601 71.775146 243.414948
257 10 361.123779 316.161530 75.599457 224.404755
257 11 758.820862 387.061005 125.116089 272.693512
257 12 820.309937 357.264923 103.002136 261.092377
257 13 -1.000000 -1.000000 -1.000000 -1.000000
257 14 1151.945679 372.578949 125.644409 233.759125
257 15 457.226074 355.042084 94.710083 225.004181
258 1 -1.000000 -1.000000 -1.000000 -1.000000
258 2 504.616791 833.611328 128.095978 245.736694
258 3 945.020142 512.094910 110.772461 311.588989
258 4 255.434204 539.048401 114.930084 316.077942
258 5 613.097534 384.750336 136.917725 225.855988
258 6 1018.208435 691.255188 163.464294 370.317688
258 7 1231.970337 329.307709 57.862671 203.590729
258 8 344.896912 537.636353 117.105591 272.560181
258 9 1806.241089 393.917847 73.879517 243.063599
258 10 362.070160 317.618591 76.470886 223.501343
258 11 751.840088 387.205383 131.446228 272.170959
258 12 817.404968 357.231171 101.012085 262.910858
258 13 -1.000000 -1.000000 -1.000000 -1.000000
258 14 1156.944458 373.299652 123.532837 234.903717
258 15 448.977173 358.925537 100.365417 225.596802
259 1 -1.000000 -1.000000 -1.000000 -1.000000
259 2 506.361633 834.372192 125.649231 245.010376
259 3 942.591919 514.172424 112.857056 310.255615
259 4 256.793671 537.479858 113.518890 313.744812
259 5 605.582520 386.745575 138.388428 226.471832
259 6 1014.907410 692.694641 162.509949 370.250916
259 7 1232.209717 332.053253 58.578369 195.167877
259 8 345.046112 540.362427 106.237793 271.522705
259 9 1806.616333 395.429108 75.259521 242.823578
259 10 363.060791 318.923798 76.964447 222.751068
259 11 745.003967 387.329376 137.640259 271.701141
259 12 815.591125 358.073425 98.246094 263.801147
259 13 -1.000000 -1.000000 -1.000000 -1.000000
259 14 1162.108276 374.323761 121.553467 236.062408
259 15 441.095459 363.383240 105.735596 225.566772
260 1 -1.000000 -1.000000 -1.000000 -1.000000
260 2 508.212341 835.233215 123.344177 244.156067
260 3 939.832214 516.750916 115.038635 308.190308
260 4 258.284332 535.804138 112.224579 312.178833
260 5 598.140076 389.141388 139.519226 226.631989
260 6 1011.878418 694.270630 161.379395 370.074219
260 7 1232.931641 335.665527 58.861206 188.233582
260 8 344.556946 543.580383 97.587067 270.096008
260 9 1807.619263 396.820709 76.043823 242.733734
260 10 364.037628 319.952606 77.094238 222.423859
260 11 738.444641 387.637115 143.868225 271.121002
260 12 814.226624 360.092682 94.442505 263.201324
260 13 -1.000000 -1.000000 -1.000000 -1.000000
260 14 1166.927246 375.712982 120.019897 237.060028
260 15 434.350250 368.210052 110.121674 224.646393
261 1 -1.000000 -1.000000 -1.000000 -1.000000
261 2 509.986969 836.214111 121.393463 243.155640
261 3 936.420227 519.685364 117.579407 305.232849
261 4 259.800568 534.002869 110.989716 311.652344
261 5 590.591919 391.890198 141.072510 226.565002
261 6 1009.306213 695.950928 159.824524 369.819458
261 7 1234.140381 340.123627 58.665527 183.138824
261 8 342.752258 547.219849 92.377655 268.248962
261 9 1809.067139 398.049072 76.418091 242.833801
261 10 364.856323 320.652252 77.180328 222.611115
261 11 732.269531 388.352478 150.359375 270.146179
261 12 812.640930 363.326874 90.937378 261.066681
261 13 -1.000000 -1.000000 -1.000000 -1.000000
261 14 1171.126831 377.561157 119.023926 237.613892
261 15 428.866638 373.242004 113.442139 223.073303
262 1 -1.000000 -1.000000 -1.000000 -1.000000
262 2 511.500793 837.341492 119.951233 242.011169
262 3 932.105591 522.760071 120.698120 301.935791
262 4 261.229034 532.144836 110.116241 312.226929
262 5 582.697998 394.978638 143.667236 226.487366
262 6 1007.274536 697.729431 157.870239 369.500549
262 7 1235.693237 345.075165 58.243408 178.372467
262 8 339.086456 551.097717 91.220001 266.203125
262 9 1810.789551 399.087585 76.536011 243.171570
262 10 365.507629 321.014374 77.296204 223.344757
262 11 726.612122 389.697845 156.901489 268.591766
262 12 810.174194 367.574249 88.523254 257.733795
262 13 -1.000000 -1.000000 -1.000000 -1.000000
262 14 1174.586914 379.883545 118.673706 237.642090
262 15 424.634979 378.536285 115.795074 221.138153
263 1 -1.000000 -1.000000 -1.000000 -1.000000
263 2 512.609009 838.606873 119.094116 240.738098
263 3 926.762695 525.778381 124.604858 298.657959
263 4 262.520325 530.309692 109.710388 313.694824
263 5 574.782471 398.286316 146.992065 226.632019
263 6 1005.815063 699.612244 155.559937 369.088684
263 7 1237.225342 350.146179 57.906006 175.388672
263 8 333.655670 555.096558 93.620300 264.105469
263 9 1812.640625 399.945984 76.525146 243.751953
263 10 365.996429 321.255493 77.540558 224.398438
263 11 721.561646 391.803345 163.257385 266.379456
263 12 806.486267 370.821899 87.880066 254.447571
263 13 -1.000000 -1.000000 -1.000000 -1.000000
263 14 1177.246582 382.663940 118.955688 237.096191
263 15 421.691101 384.126984 116.928406 219.063812
264 1 -1.000000 -1.000000 -1.000000 -1.000000
264 2 513.235474 839.961670 118.819519 239.390259
264 3 920.550354 528.523926 129.339294 295.806213
264 4 263.603058 528.772522 109.726318 315.536804
264 5 567.112671 401.670105 150.607666 227.207397
264 6 1004.898438 701.592041 153.110718 368.590332
264 7 1238.404907 354.704681 58.057861 175.337860
264 8 327.299835 558.938049 98.342834 262.243103
264 9 1814.572021 400.717957 76.394287 244.503052
264 10 366.366180 321.687683 77.862854 225.416626
264 11 717.162231 394.301819 169.173950 264.080688
264 12 801.564819 372.770355 88.937805 252.007172
264 13 -1.000000 -1.000000 -1.000000 -1.000000
264 14 1179.160767 385.782257 119.741089 236.052032
264 15 419.920380 389.742096 117.048065 217.558624
265 1 -1.000000 -1.000000 -1.000000 -1.000000
265 2 513.463013 841.383850 118.998840 237.977844
265 3 913.815186 530.828552 134.854370 293.605713
265 4 264.365173 527.692444 109.941193 317.342163
265 5 559.727417 404.867859 154.249451 228.348328
265 6 1004.584290 703.597778 150.836365 368.039917
265 7 1239.189331 358.582672 58.797974 178.588165
265 8 321.160431 562.514587 103.871765 260.651184
265 9 1816.586182 401.518738 75.986572 245.319458
265 10 366.780182 322.532898 78.115753 226.065369
265 11 713.502808 396.852264 174.377380 262.028168
265 12 795.983582 373.227295 91.807922 251.499207
265 13 -1.000000 -1.000000 -1.000000 -1.000000
265 14 1180.479614 389.036102 120.700439 234.727081
265 15 418.917725 395.140411 116.741699 217.054291
266 1 -1.000000 -1.000000 -1.000000 -1.000000
266 2 513.545288 842.857422 119.334351 236.507812
266 3 907.107666 532.604797 140.770386 292.267334
266 4 264.807770 527.153259 110.431519 318.756348
266 5 552.667847 407.778442 157.615845 229.811096
266 6 1004.964417 705.578857 148.868347 367.477295
266 7 1239.346436 361.613190 60.467896 185.616486
266 8 316.369812 565.681091 108.667847 259.476501
266 9 1818.669800 402.509674 75.180176 246.043671
266 10 367.396973 323.727936 78.135986 226.361603
266 11 710.656799 399.419678 178.626648 260.260986
266 12 790.031067 372.542358 95.600159 252.937195
266 13 -1.000000 -1.000000 -1.000000 -1.000000
266 14 1181.301392 392.239502 121.553589 233.351318
266 15 418.796967 400.363312 116.082794 217.494171
267 1 -1.000000 -1.000000 -1.000000 -1.000000
267 2 513.767151 844.368530 119.540039 234.982544
267 3 901.091797 533.848938 146.508545 291.886414
267 4 265.076904 527.160706 110.909943 319.547852
267 5 546.128845 410.425415 160.333008 231.214478
267 6 1006.153503 707.450012 147.060242 366.957214
267 7 1238.951172 363.924347 63.024292 196.263397
267 8 313.629974 568.406799 111.828949 258.688965
267 9 1820.805664 403.885925 73.959961 246.471008
267 10 368.251038 325.258118 78.098755 226.317078
267 11 708.652771 401.526398 181.892212 259.217987
267 12 784.021545 371.586884 100.031860 255.364960
267 13 -1.000000 -1.000000 -1.000000 -1.000000
267 14 1181.737061 395.216797 121.908447 232.159058
267 15 419.546082 405.119873 115.101379 218.926819
268 1 -1.000000 -1.000000 -1.000000 -1.000000
268 2 514.356628 845.936279 119.392212 233.380615
268 3 896.379944 534.554810 151.386658 292.510559
268 4 265.222412 527.731018 111.232697 319.616455
268 5 539.823547 412.819611 162.799500 232.411774
268 6 1008.123535 709.126770 145.373901 366.535828
268 7 1238.267456 365.740204 66.439819 207.147736
268 8 311.856567 570.713684 114.321411 258.220520
268 9 1823.013550 405.671021 72.296143 246.555908
268 10 369.382812 326.842743 78.017914 226.236786
268 11 707.525574 402.629028 184.175964 259.365967
268 12 778.158386 371.394348 104.721619 257.970215
268 13 -1.000000 -1.000000 -1.000000 -1.000000
268 14 1181.909912 397.752441 121.457153 231.407227
268 15 420.714569 409.254883 114.298737 221.206604
269 1 -1.000000 -1.000000 -1.000000 -1.000000
269 2 515.434570 847.606445 118.783691 231.666748
269 3 893.277161 534.774841 154.883728 293.954041
269 4 265.345367 528.749329 111.269470 319.047302
269 5 533.798035 415.036713 165.194336 233.284149
269 6 1010.750244 710.590332 143.734985 366.197754
269 7 1237.429321 367.242004 70.888306 217.176147
269 8 309.786682 572.713318 117.312408 257.958069
269 9 1825.285645 407.793274 70.252686 246.360107
269 10 370.760193 328.139740 77.924042 226.640778
269 11 707.254944 403.640472 185.387512 259.604645
269 12 772.487793 371.884888 109.838379 260.580627
269 13 -1.000000 -1.000000 -1.000000 -1.000000
269 14 1181.895020 399.794006 119.895386 231.155945
269 15 422.157104 412.844330 113.512573 224.010468
270 1 -1.000000 -1.000000 -1.000000 -1.000000
270 2 516.979980 849.382812 117.741394 229.849121
270 3 891.789917 534.610962 156.582031 296.100037
270 4 265.568573 530.105164 111.107086 318.039368
270 5 527.952942 417.249847 167.778442 233.888214
270 6 1013.834106 711.884094 142.061646 365.876282
270 7 1236.596924 368.589905 76.379639 225.926941
270 8 306.634491 574.354187 121.498199 257.829407
270 9 1827.570557 409.951324 68.067505 246.147003
270 10 372.335419 329.126404 77.838135 227.706055
270 11 707.829895 404.908630 185.527710 259.612549
270 12 767.068970 373.109741 114.849976 261.906372
270 13 -1.000000 -1.000000 -1.000000 -1.000000
270 14 1181.666138 401.430878 117.421631 231.278473
270 15 423.582611 416.045929 112.412140 227.157806
271 1 -1.000000 -1.000000 -1.000000 -1.000000
271 2 518.798767 851.278198 116.475586 227.926758
271 3 891.631409 534.143372 156.516296 298.831787
271 4 265.900879 531.722900 110.806427 316.737671
271 5 522.507446 419.582764 170.302551 234.329651
271 6 1016.996094 713.038330 140.485840 365.520996
271 7 1236.295288 369.944550 82.417969 232.679718
271 8 302.280243 575.683899 127.014465 257.599548
271 9 1829.836426 412.058990 66.052368 245.983307
271 10 373.937256 330.004883 77.812347 229.186096
271 11 709.036316 406.240753 184.676941 259.637726
271 12 762.955933 374.740173 118.759460 261.802856
271 13 -1.000000 -1.000000 -1.000000 -1.000000
271 14 1181.273926 402.624023 114.024170 231.820068
271 15 424.506500 418.824432 111.112640 230.531281
272 1 -1.000000 -1.000000 -1.000000 -1.000000
272 2 520.626038 853.290588 115.237793 225.905457
272 3 892.317200 533.454651 154.871399 301.899475
272 4 266.061005 533.456543 110.856171 315.442322
272 5 517.634521 422.095978 172.503174 234.873993
272 6 1019.908020 714.133179 139.233582 365.034668
272 7 1236.816040 371.330383 88.525146 237.085388
272 8 296.667511 576.733765 133.875702 257.099243
272 9 1832.027222 413.905670 64.363892 246.041412
272 10 375.391724 330.809479 77.807861 230.954681
272 11 710.713806 407.955017 182.868591 259.373840
272 12 761.042664 376.085693 120.859314 261.054077
272 13 -1.000000 -1.000000 -1.000000 -1.000000
272 14 1180.748657 403.431641 110.076782 232.695129
272 15 424.622894 421.495422 109.890656 233.784424
273 1 -1.000000 -1.000000 -1.000000 -1.000000
273 2 522.208679 855.378540 114.288452 223.828003
273 3 893.341736 532.645691 151.683777 305.112000
273 4 265.963196 535.161926 111.522308 314.394958
273 5 513.556152 424.927521 173.832947 235.474152
273 6 1022.443359 715.254517 138.330811 364.337769
273 7 1238.260132 372.713379 94.111938 240.248352
273 8 292.618286 577.512573 139.377838 256.183472
273 9 1834.105347 415.293274 63.148804 246.511230
273 10 376.613983 331.680542 77.848907 232.803467
273 11 712.629333 410.118713 179.980835 258.786438
273 12 761.890747 377.286011 120.395081 260.010376
273 13 -1.000000 -1.000000 -1.000000 -1.000000
273 14 1180.040039 404.095490 105.923950 233.683746
273 15 423.962769 424.339630 108.940002 236.611298
274 1 -1.000000 -1.000000 -1.000000 -1.000000
274 2 523.385315 857.503845 113.803894 221.718445
274 3 894.328613 531.777100 146.972534 308.437988
274 4 265.639984 536.757446 112.776672 313.748352
274 5 510.526245 428.134216 173.574890 236.066650
274 6 1024.550903 716.438354 137.781372 363.397095
274 7 1240.500000 374.040985 98.751953 242.072357
274 8 291.573975 577.988220 142.114410 254.846680
274 9 1836.066528 416.260315 62.470459 247.343750
274 10 377.531250 332.751160 78.058197 234.226990
274 11 714.608582 411.788849 176.048157 258.855499
274 12 766.125488 378.836212 116.741821 258.407806
274 13 -1.000000 -1.000000 -1.000000 -1.000000
274 14 1179.122803 404.772369 102.025269 234.658417
274 15 422.420380 427.464966 108.700348 238.730713
275 1 -1.000000 -1.000000 -1.000000 -1.000000
275 2 524.021484 859.662109 113.909546 219.571411
275 3 895.000549 530.900330 141.015564 311.689392
275 4 265.230072 538.217896 114.183990 313.453979
275 5 508.412659 431.506378 171.508179 236.566925
275 6 1026.258789 717.719299 137.504395 362.209412
275 7 1243.282593 375.290436 102.223633 242.515839
275 8 293.487549 578.457336 142.304382 253.029358
275 9 1837.980469 417.108795 62.250244 248.273041
275 10 378.157684 333.933990 78.482300 235.136871
275 11 716.383850 412.762146 171.218628 259.794067
275 12 773.520508 380.747192 110.472046 256.929199
275 13 -1.000000 -1.000000 -1.000000 -1.000000
275 14 1178.062500 405.455444 98.115112 235.678955
275 15 420.369232 430.883270 109.531952 240.029572
276 1 -1.000000 -1.000000 -1.000000 -1.000000
276 2 524.092163 861.822876 114.591492 217.419434
276 3 895.156555 530.057495 133.888245 314.769775
276 4 264.865143 539.552551 115.510162 313.487549
276 5 506.425232 434.873505 168.510254 236.956146
276 6 1027.759155 719.114258 137.215942 360.781982
276 7 1246.305664 376.409546 104.477051 241.840515
276 8 297.325775 579.171692 141.177368 250.859314
276 9 1839.876465 417.692657 62.325562 249.463898
276 10 378.750854 335.152527 78.952026 235.609741
276 11 717.993469 412.904022 165.566345 261.638214
276 12 782.312256 382.967163 103.165344 255.869690
276 13 -1.000000 -1.000000 -1.000000 -1.000000
276 14 1176.867188 406.347229 94.513794 236.507935
276 15 418.253326 434.701569 111.509674 240.337921
277 1 -1.000000 -1.000000 -1.000000 -1.000000
277 2 523.645752 863.966064 115.754333 215.281128
277 3 894.643799 529.311157 125.855103 317.824341
277 4 264.817413 540.859558 116.289246 313.663208
277 5 504.968994 438.217072 164.320435 236.977753
277 6 1029.227539 720.602173 136.574951 359.180054
277 7 1249.313477 377.323456 105.755493 240.553802
277 8 302.685913 580.273499 139.187439 248.537537
277 9 1841.841309 418.097778 62.619873 250.867981
277 10 379.590485 336.421814 79.274170 235.791870
277 11 719.430908 412.309448 159.298218 264.283142
277 12 790.849304 385.537354 95.680542 255.136780
277 13 -1.000000 -1.000000 -1.000000 -1.000000
277 14 1175.604004 407.550140 91.153076 237.081512
277 15 416.349182 438.642334 114.843262 240.090820
278 1 -1.000000 -1.000000 -1.000000 -1.000000
278 2 522.798767 866.087830 117.245544 213.155457
278 3 893.217346 528.761292 117.756409 320.798279
278 4 265.113708 542.185425 116.476135 313.884399
278 5 504.281067 441.474365 158.915283 236.615845
278 6 1030.707764 722.162292 135.453247 357.467224
278 7 1252.196045 377.946289 106.224365 239.186584
278 8 307.785736 581.860657 137.977997 246.254211
278 9 1843.948242 418.847046 62.985962 251.981445
278 10 380.687317 337.778046 79.400665 235.754059
278 11 720.705383 411.515045 152.898621 267.169098
278 12 798.237610 388.291473 89.266357 254.515656
278 13 -1.000000 -1.000000 -1.000000 -1.000000
278 14 1174.361938 408.912323 88.064331 237.497162
278 15 414.808167 442.620422 118.955933 239.591248
279 1 -1.000000 -1.000000 -1.000000 -1.000000
279 2 521.672668 868.174500 118.913147 211.059143
279 3 890.757324 528.487488 110.154236 323.629211
279 4 265.664581 543.541260 116.332428 314.101990
279 5 503.421265 444.572083 153.545532 235.964355
279 6 1032.252808 723.785706 133.810913 355.697449
279 7 1255.018799 378.251312 106.006714 238.181976
279 8 311.819763 584.149719 138.130096 243.877930
279 9 1846.209961 419.997101 63.281860 252.745453
279 10 382.025208 339.275879 79.258789 235.759155
279 11 721.908264 411.387909 146.662964 269.404022
279 12 802.488342 390.682526 85.563599 254.322235
279 13 -1.000000 -1.000000 -1.000000 -1.000000
279 14 1173.225952 410.481689 85.255005 237.706177
279 15 413.795502 446.632019 123.081268 239.170471
280 1 -1.000000 -1.000000 -1.000000 -1.000000
280 2 520.453125 870.213196 120.558105 209.018005
280 3 887.224182 528.585632 103.392578 326.290649
280 4 266.242065 544.947449 116.440247 314.348083
280 5 502.912109 447.723022 147.915344 234.976318
280 6 1033.877319 725.433960 131.629883 353.909668
280 7 1257.980347 378.224335 105.101807 237.684357
280 8 314.880646 586.961426 139.169312 241.552979
280 9 1848.532471 421.393646 63.453979 253.280792
280 10 383.486877 340.989349 78.930298 235.750946
280 11 723.147217 411.744415 140.844482 271.036285
280 12 801.958374 393.277771 84.926575 254.780640
280 13 -1.000000 -1.000000 -1.000000 -1.000000
280 14 1172.153931 412.252960 83.270630 237.734833
280 15 413.245361 450.730438 126.992432 238.918182
281 1 -1.000000 -1.000000 -1.000000 -1.000000
281 2 519.372864 872.225220 121.980469 207.001831
281 3 882.627502 529.130371 97.975525 328.694153
281 4 266.729553 546.383545 116.855927 314.578796
281 5 504.298920 451.122803 140.496857 233.657471
281 6 1035.495728 727.074280 129.208740 352.137878
281 7 1261.035889 377.910278 103.678345 237.661011
281 8 317.532318 590.082825 140.092407 239.387146
281 9 1850.872803 423.136719 63.410156 253.448303
281 10 384.886719 342.875610 78.632721 236.036438
281 11 724.410034 412.791779 135.692749 271.860687
281 12 797.733093 396.031647 86.850464 255.242401
281 13 -1.000000 -1.000000 -1.000000 -1.000000
281 14 1171.022949 414.110535 82.331909 237.760010
281 15 412.964111 454.892944 130.238464 238.985046
282 1 -1.000000 -1.000000 -1.000000 -1.000000
282 2 518.641357 874.208801 123.043823 205.019714
282 3 877.123413 530.160217 94.378845 330.603271
282 4 267.086212 547.794678 117.649414 314.862610
282 5 506.457855 454.577057 132.536835 232.626862
282 6 1036.959839 728.710510 127.097046 350.382507
282 7 1264.128418 377.367432 101.848267 237.898438
282 8 320.042938 593.387390 140.471222 237.362671
282 9 1853.161987 425.219208 63.055786 253.225739
282 10 386.050385 344.816437 78.567047 236.672699
282 11 725.650818 414.251129 131.653137 272.136200
282 12 790.891296 399.029266 91.028259 255.376007
282 13 -1.000000 -1.000000 -1.000000 -1.000000
282 14 1169.554932 415.947052 82.674316 237.921356
282 15 412.835510 459.388000 131.956055 238.867798
283 1 -1.000000 -1.000000 -1.000000 -1.000000
283 2 518.389832 876.183533 123.696533 203.058777
283 3 870.899292 531.684509 92.783752 331.951904
283 4 267.447449 549.149902 118.532532 315.185852
283 5 508.915680 457.920074 124.680634 232.288239
283 6 1038.182007 730.319824 125.624756 348.651611
283 7 1267.117432 376.617401 99.876587 238.428375
283 8 322.580597 596.722168 140.151093 235.484314
283 9 1855.334473 426.734894 62.393311 253.516022
283 10 387.036804 346.685547 78.747345 237.707581
283 11 726.843018 415.588165 128.714905 272.382416
283 12 782.539856 402.009705 96.263916 255.460693
283 13 -1.000000 -1.000000 -1.000000 -1.000000
283 14 1167.529053 417.801239 84.382080 238.275848
283 15 412.796570 463.947083 132.459961 238.498047
284 1 -1.000000 -1.000000 -1.000000 -1.000000
284 2 518.684875 878.155884 123.919617 201.120728
284 3 863.995056 533.740234 93.617188 332.644165
284 4 267.965790 550.429077 119.136230 315.559448
284 5 511.190918 461.099609 117.477905 232.890686
284 6 1039.072510 731.883728 125.044434 346.964294
284 7 1269.981323 375.702972 97.651123 239.271515
284 8 325.164062 599.866943 139.248352 233.897461
284 9 1857.437988 427.592407 61.390747 254.400330
284 10 387.987732 348.437378 79.099792 238.859741
284 11 727.842529 416.068268 127.079041 273.366913
284 12 775.140808 405.088196 100.186462 255.643311
284 13 -1.000000 -1.000000 -1.000000 -1.000000
284 14 1164.733032 419.532349 87.446655 238.973755
284 15 412.858002 468.373962 132.477570 237.694397
285 1 -1.000000 -1.000000 -1.000000 -1.000000
285 2 519.519592 880.122559 123.779480 199.201050
285 3 856.445618 536.259644 97.173279 332.676392
285 4 268.809174 551.619507 119.107269 315.939270
285 5 511.622009 463.980865 112.771118 234.686920
285 6 1039.564819 733.395447 125.581909 345.356995
285 7 1272.657837 374.678101 95.196899 240.391541
285 8 327.743042 602.743896 137.977173 232.594238
285 9 1859.558350 427.739899 60.021729 255.885406
285 10 388.961853 349.993591 79.567993 240.028503
285 11 728.522705 416.230164 126.803955 274.707520
285 12 772.172974 406.831207 101.260925 255.694489
285 13 -1.000000 -1.000000 -1.000000 -1.000000
285 14 1161.022705 421.206726 91.740845 239.882996
285 15 412.999023 472.510864 131.890503 236.502808
286 1 -1.000000 -1.000000 -1.000000 -1.000000
286 2 520.754639 882.051453 123.474365 197.332336
286 3 848.342102 539.171570 103.312073 332.052795
286 4 270.084686 552.711914 118.501709 316.362793
286 5 508.533234 466.411133 112.352936 237.744751
286 6 1039.706299 734.887268 127.191162 343.798645
286 7 1275.224976 373.652771 92.484985 241.746582
286 8 330.169312 605.275940 136.683380 231.560181
286 9 1861.745850 427.053192 58.318115 258.065399
286 10 389.937286 351.407227 80.113770 240.612244
286 11 728.767578 416.242584 127.823547 276.313812
286 12 773.105713 407.619202 99.336975 256.977905
286 13 -1.000000 -1.000000 -1.000000 -1.000000
286 14 1156.557983 423.036987 96.895142 240.767395
286 15 413.324615 476.195801 130.802216 235.130371
287 1 -1.000000 -1.000000 -1.000000 -1.000000
287 2 522.235962 883.950439 123.179260 195.494629
287 3 839.422607 542.359863 111.845093 330.909058
287 4 271.753754 553.716797 117.437012 316.764282
287 5 502.296600 468.625031 115.732880 241.349579
287 6 1039.677124 736.341553 129.520996 342.286987
287 7 1277.705078 372.779175 89.488159 243.277405
287 8 332.248138 607.383789 135.686920 230.840698
287 9 1864.049438 425.435669 56.311890 261.007996
287 10 391.003204 352.834808 80.514435 240.362396
287 11 728.603577 416.417175 129.808716 277.846985
287 12 777.426086 407.448364 94.579895 259.375977
287 13 -1.000000 -1.000000 -1.000000 -1.000000
287 14 1151.649292 425.208221 102.587036 241.400726
287 15 413.962646 479.203796 129.468262 233.926880
288 1 -1.000000 -1.000000 -1.000000 -1.000000
288 2 523.823792 885.796265 122.981934 193.702026
288 3 829.882996 545.571533 122.061646 329.468323
288 4 273.593109 554.695374 116.307922 317.136780
288 5 493.031281 470.927307 122.668549 244.960449
288 6 1039.665649 737.776001 132.313721 340.805542
288 7 1280.108643 372.270477 86.275879 244.648407
288 8 333.865051 609.063904 135.148895 230.424133
288 9 1866.501465 423.890350 54.027466 263.635651
288 10 392.096436 354.390686 80.868073 239.143494
288 11 728.104431 416.801422 132.818481 279.212128
288 12 783.786194 406.717407 88.153931 262.059509
288 13 -1.000000 -1.000000 -1.000000 -1.000000
288 14 1146.648926 427.735596 108.438110 241.690430
288 15 415.023865 481.687164 127.919556 232.922394
289 1 -1.000000 -1.000000 -1.000000 -1.000000
289 2 525.408752 887.583374 122.942078 191.948730
289 3 820.104187 548.521973 133.070190 328.015991
289 4 275.399414 555.658081 115.455353 317.484924
289 5 483.337677 473.530975 130.537018 248.245148
289 6 1039.818970 739.190491 135.348511 339.344910
289 7 1282.200073 372.214722 83.365601 245.710571
289 8 335.161743 610.279175 134.930878 230.380798
289 9 1868.997559 422.353424 51.607666 265.988190
289 10 393.091553 356.159424 81.350525 237.119812
289 11 727.454041 417.748688 136.394592 279.979218
289 12 790.637146 405.637268 81.785278 263.806641
289 13 -1.000000 -1.000000 -1.000000 -1.000000
289 14 1141.991333 430.583710 114.015381 241.680695
289 15 416.450409 483.746338 126.160492 232.219849
290 1 -1.000000 -1.000000 -1.000000 -1.000000
290 2 526.937439 889.315613 123.048828 190.227722
290 3 810.567139 551.018616 143.882324 326.780212
290 4 277.048615 556.551575 115.097778 317.889648
290 5 475.523987 476.583771 136.892212 250.931671
290 6 1040.348877 740.609802 138.325073 337.871033
290 7 1283.885132 372.568604 81.041016 246.466919
290 8 336.243591 611.050171 134.952759 230.727539
290 9 1871.407959 420.955078 49.211182 267.983887
290 10 393.970459 358.248108 82.015289 234.552795
290 11 726.827576 418.868073 140.154358 280.417267
290 12 795.717285 405.100586 77.022400 263.674622
290 13 -1.000000 -1.000000 -1.000000 -1.000000
290 14 1138.148071 433.616302 118.740967 241.540558
290 15 418.085602 485.398773 124.748749 231.844940
291 1 -1.000000 -1.000000 -1.000000 -1.000000
291 2 528.440002 891.011719 123.215149 188.518188
291 3 801.785889 553.018921 153.666199 325.875916
291 4 278.462219 557.399719 115.183411 318.310181
291 5 470.592316 480.202972 140.718231 252.810333
291 6 1041.337402 742.051392 141.117798 336.385986
291 7 1285.039429 373.119812 79.577881 247.098022
291 8 337.296936 611.442200 134.989166 231.448242
291 9 1873.612305 419.861786 46.987305 269.498871
291 10 394.769165 360.635895 82.810303 231.860016
291 11 726.376099 419.878540 144.084229 280.734314
291 12 799.221008 404.813232 74.113831 259.780273
291 13 -1.000000 -1.000000 -1.000000 -1.000000
291 14 1135.298828 436.496613 122.368530 241.539337
291 15 419.760620 486.726135 124.163940 231.640503
292 1 -1.000000 -1.000000 -1.000000 -1.000000
292 2 529.943176 892.660889 123.385498 186.835815
292 3 794.757202 554.492310 161.205261 325.357788
292 4 279.660217 558.218445 115.615723 318.742065
292 5 468.654785 484.368591 141.980286 253.994385
292 6 1042.770264 743.558105 143.854614 334.862305
292 7 1285.634155 373.679504 79.115723 247.685364
292 8 338.360535 611.525391 134.814392 232.509827
292 9 1875.491943 419.206451 45.075684 270.432404
292 10 395.411926 363.013824 83.931458 229.418304
292 11 726.127075 420.687561 147.709045 281.038086
292 12 801.312744 404.781433 72.946533 252.475403
292 13 -1.000000 -1.000000 -1.000000 -1.000000
292 14 1133.525757 438.985229 124.673096 241.799500
292 15 421.327057 487.812408 124.800568 231.465546
293 1 -1.000000 -1.000000 -1.000000 -1.000000
293 2 531.488525 894.272644 123.549561 185.179626
293 3 789.641296 555.507385 166.133728 325.196838
293 4 280.779907 558.962341 116.191254 319.186707
293 5 469.725677 488.816589 140.651581 254.613220
293 6 1044.601318 745.139404 146.675415 333.277710
293 7 1285.779541 374.156281 79.527710 248.244720
293 8 339.467255 611.345093 134.193176 233.943726
293 9 1876.936890 418.612701 43.600952 271.214935
293 10 395.972504 365.144745 85.305878 227.500214
293 11 726.083801 421.561462 150.456482 281.119507
293 12 802.605469 404.858154 72.965820 242.402222
293 13 -1.000000 -1.000000 -1.000000 -1.000000
293 14 1132.785034 441.104309 125.532959 242.246643
293 15 422.599182 488.713257 126.502930 231.244141
294 1 -1.000000 -1.000000 -1.000000 -1.000000
294 2 533.123657 895.860657 123.718628 183.541687
294 3 785.956787 556.136169 168.693542 325.256470
294 4 281.893921 559.637207 116.794067 319.570557
294 5 472.145844 493.339783 138.358856 254.504578
294 6 1046.822510 746.860596 149.667480 331.550659
294 7 1285.764038 374.643097 80.503540 248.624847
294 8 340.598053 611.069275 133.069580 235.553772
294 9 -1.000000 -1.000000 -1.000000 -1.000000
294 10 396.523865 366.731293 86.818451 226.394440
294 11 726.153259 422.440582 152.024597 281.106659
294 12 803.528503 405.060699 73.520508 230.738556
294 13 -1.000000 -1.000000 -1.000000 -1.000000
294 14 1132.823120 442.893036 125.052368 242.729828
294 15 423.696899 489.568024 128.673645 230.923309
295 1 -1.000000 -1.000000 -1.000000 -1.000000
295 2 534.887512 897.419067 123.941833 181.932495
295 3 783.231384 556.472107 169.149963 325.278320
295 4 283.026794 560.292786 117.385681 319.832153
295 5 474.604645 497.686981 136.396393 253.721039
295 6 1049.323242 748.750854 153.049805 329.630615
295 7 1285.702026 375.355194 81.914429 248.568146
295 8 341.732849 610.731201 131.428741 237.258362
295 9 -1.000000 -1.000000 -1.000000 -1.000000
295 10 397.125885 367.578705 88.364044 226.110931
295 11 726.278564 423.476288 152.255432 280.896332
295 12 804.526794 405.319794 74.042542 218.757477
295 13 -1.000000 -1.000000 -1.000000 -1.000000
295 14 1133.298462 444.402679 123.515259 243.089874
295 15 424.825439 490.512604 130.543518 230.479950
296 1 -1.000000 -1.000000 -1.000000 -1.000000
296 2 536.672424 898.887878 124.227844 180.420105
296 3 781.014160 556.455200 168.132568 325.272339
296 4 284.100372 560.888367 118.029419 320.017151
296 5 476.794739 501.625183 134.839600 252.483521
296 6 1051.934448 750.701721 156.707764 327.605896
296 7 1285.696655 376.451355 83.491943 247.857666
296 8 342.758301 610.361084 129.481293 238.949768
296 9 -1.000000 -1.000000 -1.000000 -1.000000
296 10 397.817627 367.579010 89.914703 226.638458
296 11 726.405457 424.761932 151.054565 280.384857
296 12 805.572693 405.690491 74.341370 207.986084
296 13 -1.000000 -1.000000 -1.000000 -1.000000
296 14 1133.941040 445.748108 121.242554 243.214417
296 15 426.036896 491.544342 131.678314 229.963165
297 1 -1.000000 -1.000000 -1.000000 -1.000000
297 2 538.394409 900.217773 124.532837 179.055542
297 3 778.593994 556.129456 166.670837 325.193909
297 4 285.033905 561.387939 118.768036 320.174255
297 5 478.611725 504.877625 133.653168 251.088074
297 6 1054.474487 752.612854 160.354126 325.574768
297 7 1285.812988 377.933990 85.039551 246.484161
297 8 343.684326 610.016296 127.518524 240.466614
297 9 -1.000000 -1.000000 -1.000000 -1.000000
297 10 398.582001 367.072998 91.398224 227.641479
297 11 726.520874 426.161469 148.813293 279.684906
297 12 806.631042 406.171112 74.382812 198.942963
297 13 -1.000000 -1.000000 -1.000000 -1.000000
297 14 1134.554810 446.964508 118.601685 243.134979
297 15 427.326935 492.648438 131.757477 229.435791
298 1 -1.000000 -1.000000 -1.000000 -1.000000
298 2 539.773499 901.239014 124.796448 178.008423
298 3 776.365662 555.730591 165.438232 325.050476
298 4 285.712494 561.761108 119.423553 320.266418
298 5 479.829926 507.219910 132.955780 249.823608
298 6 1056.511597 754.168518 163.317749 323.900696
298 7 1285.970215 379.360962 86.298096 245.037109
298 8 344.426239 609.776062 125.921051 241.562134
298 9 -1.000000 -1.000000 -1.000000 -1.000000
298 10 399.226807 366.412506 92.551147 228.694366
298 11 726.592285 427.309784 146.498230 279.075287
298 12 807.513062 406.642639 74.254761 192.493835
298 13 -1.000000 -1.000000 -1.000000 -1.000000
298 14 1134.985718 447.870575 116.353882 242.986847
298 15 428.498871 493.612854 131.251007 229.025269
299 1 -1.000000 -1.000000 -1.000000 -1.000000
299 2 540.782227 901.950928 125.001038 177.279663
299 3 774.585388 555.348389 164.452698 324.852661
299 4 286.155609 562.016357 119.967560 320.339294
299 5 480.560486 508.721649 132.585022 248.920990
299 6 1057.988647 755.310120 165.513184 322.657166
299 7 1286.104370 380.576080 87.249634 243.729095
299 8 344.946930 609.580872 124.793488 242.319702
299 9 -1.000000 -1.000000 -1.000000 -1.000000
299 10 399.728271 365.802094 93.364044 229.561920
299 11 726.642090 428.184570 144.537659 278.572571
299 12 808.185120 407.004974 74.093384 188.340851
299 13 -1.000000 -1.000000 -1.000000 -1.000000
299 14 1135.233643 448.496704 114.656738 242.825256
299 15 429.437683 494.352051 130.491028 228.745117
